关注要素层次,下一低分析层次,上一高层次功能及要求,功能,下一低层次功能,故障影响,严重度(S),故障模式,故障起因,发生度(O),探测度(D),预防控制措施,探测控制措施,source
Hull,Hull,满足系统持续运行要求,"Wave activated body
Provision of watertight compartment
Structural connectivity & load transfer
Ballast containment",,"Severe structural failure
WEC is no longer functioning",4,Severe structural failure,"Extreme wave event loading
(Overloading)",3,2,none,"1) Surveillance
2) SCADA
3) etc；Dry dock repair if possible, if not loss of projects",StingRAY/SR-RR-0100 Hull PD v3.0 07-25-2016.xlsx
Hull,Hull,满足系统持续运行要求,"Wave activated body
Provision of watertight compartment
Structural connectivity & load transfer
Ballast containment",,"Severe structural failure
WEC is no longer functioning",4,Severe structural failure,Fatigue and other degradation mechanisms,7,2,none,"1) Surveillance
2) SCADA
3) etc；Dry dock repair if possible, if not loss of projects",StingRAY/SR-RR-0100 Hull PD v3.0 07-25-2016.xlsx
Hull,"Forward float
Aft float",满足系统持续运行要求,"Wave activated body
Provision of watertight compartment",,"1) Sub-optimal performance
2) change in buoyancy
3) only a portion of water may drain (see note)",1,Crack/hole in float (leading to water drainage),"Leak in FRP (e.g. manufacturing flaw, assembly)  *not boat strikes*",4,2,,"1) visual inspection of draft line on floats
2) average angle of the floats seen by encoders；Dry dock for FRP repair",StingRAY/SR-RR-0100 Hull PD v3.0 07-25-2016.xlsx
Hull,"Forward float
Aft float",满足系统持续运行要求,"Wave activated body
Provision of watertight compartment",,"1) Sub-optimal performance
2) change in buoyancy
3) only a portion of water may drain (see note)",1,Crack/hole in float (leading to water drainage),Leak in FRP - fatigue crack due to uncertainties in loading,7,2,,"1) visual inspection of draft line on floats
2) average angle of the floats seen by encoders；Dry dock for FRP repair",StingRAY/SR-RR-0100 Hull PD v3.0 07-25-2016.xlsx
Hull,"Forward float
Aft float",满足系统持续运行要求,"Wave activated body
Provision of watertight compartment",,1) Float becomes locked or reduced motion w.r.t. nacelle,1,Locked / reduced motion,Debris caught between float and nacelle (or spar),6,2,surveillance camera checks/visual inspection,"1) PTO not moving or reduced motion
2) Surveillance cameras；Remove debris
In situ or dry dock repair of FRP if warranted",StingRAY/SR-RR-0100 Hull PD v3.0 07-25-2016.xlsx
Hull,"Forward float
Aft float",满足系统持续运行要求,"Wave activated body
Provision of watertight compartment",,1) Float becomes locked or reduced motion w.r.t. nacelle,1,Locked / reduced motion,Large mammal caught betweeen float and nacelle (or spar),3,2,,"1) PTO not moving or reduced motion
2) Surveillance cameras；Remove mammal",StingRAY/SR-RR-0100 Hull PD v3.0 07-25-2016.xlsx
Hull,"Forward float
Aft float",满足系统持续运行要求,"Wave activated body
Provision of watertight compartment",,1) mammal take,1,Mammal take,Large mammal caught betweeen float and nacelle (or spar),6,2,,1) Surveillance cameras；Remove mammal,StingRAY/SR-RR-0100 Hull PD v3.0 07-25-2016.xlsx
Hull,"Forward float
Aft float",满足系统持续运行要求,"Wave activated body
Provision of watertight compartment",,"1) Human trapped
2) Potential fatality",10,Service human trapped,service worker falls inbetween fwd float and nacelle,3,2,,1) Surveillance cameras,StingRAY/SR-RR-0100 Hull PD v3.0 07-25-2016.xlsx
Hull,"Forward float
Aft float",满足系统持续运行要求,"Wave activated body
Provision of watertight compartment",,"1) Human trapped
2) Potential fatality",10,Public human trapped,unauthorized personel falls inbetween fwd float and nacelle,3,2,,1) Surveillance cameras,StingRAY/SR-RR-0100 Hull PD v3.0 07-25-2016.xlsx
Hull,"Forward float
Aft float",满足系统持续运行要求,"Wave activated body
Provision of watertight compartment",,"1) Loss of performance
2) Loss of known physical parameters (weight of each component)
3) change in buoyancy",1,Hole in float (leading to water drainage),"Debris caught between float and another body, leading to wear that creates a hole that changes buoyancy",5,2,surveillance camera checks/visual inspection,"1) visual inspection of draft line on floats
2) average angle of the floats seen by encoders；Dry dock for FRP repair",StingRAY/SR-RR-0100 Hull PD v3.0 07-25-2016.xlsx
Hull,"Forward float
Aft float",满足系统持续运行要求,"Wave activated body
Provision of watertight compartment",,"1) Loss of performance
2) Loss of known physical parameters (weight of each component)
3) change in buoyancy",1,Hole in float (leading to water drainage),Float arms flexed more than expected. Wear creates a hole that changes buoyancy,5,2,surveillance camera checks/visual inspection,"1) visual inspection of draft line on floats
2) average angle of the floats seen by encoders；Dry dock for FRP repair",StingRAY/SR-RR-0100 Hull PD v3.0 07-25-2016.xlsx
Hull,"Forward float
Aft float",满足系统持续运行要求,"Wave activated body
Provision of watertight compartment",,"1) Sub-optimal performance
2) Increased generator speed (>20RPM) during strike event
3) change in buoyancy",4,Hole in float (leading to water drainage),Non-service Boat Strike,8,2,none,"1) visual inspection of draft line on floats
2) average angle of the floats seen by encoders；In situ FRP repair if possible (hole above waterline and known location)
Worst case: Dry dock inspection and repair of WEC.",StingRAY/SR-RR-0100 Hull PD v3.0 07-25-2016.xlsx
Hull,"Forward float
Aft float",满足系统持续运行要求,"Wave activated body
Provision of watertight compartment",,"1) Wave loading of float is no longer transferred to rotor
2) Loss of power production
3) Float on Beach/Float out to sea",4,fore/aft float breaks off,One arm breaks off and causes higher stress on other arm so both break and float is free,4,2,"1) Surveillance
2) Visual Detection
3) Dry dock before second arm breaks","1) Average angle of the floats seen by encoders
2) Surveillance；1) Recover float
2) drydock reatachment if possible",StingRAY/SR-RR-0100 Hull PD v3.0 07-25-2016.xlsx
Hull,"Fwd float drive arm
Aft float drive arm",满足系统持续运行要求,"Drive starboard/port generator rotor
Constrain float to relative pitch about nacelle",,"1) Wave loading of float is no longer transferred to rotor
2) Loss of power production
3) Addtl loading on idler arm",1,Drive arm broken,Fatigue of float arm due to uncertainties in loading,7,2,none,"1) PTO not moving
2) Surveillance cameras；Dry dock reattachment of float arm to WEC",StingRAY/SR-RR-0100 Hull PD v3.0 07-25-2016.xlsx
Hull,"Fwd float drive arm
Aft float drive arm",满足系统持续运行要求,"Drive starboard/port generator rotor
Constrain float to relative pitch about nacelle",,"1) Wave loading of float is no longer transferred to rotor
2) Loss of power production
3) Addtl loading on idler arm",1,Drive arm broken,"Wearing of float arm, due to deflection",7,2,"Visual inspection, and repair if  needed","1) PTO not moving
2) Surveillance cameras；Dry dock reattachment of float arm to WEC",StingRAY/SR-RR-0100 Hull PD v3.0 07-25-2016.xlsx
Hull,"Fwd float drive arm
Aft float drive arm",满足系统持续运行要求,"Drive starboard/port generator rotor
Constrain float to relative pitch about nacelle",,"1) Wave loading of float is no longer transferred to rotor
2) Loss of power production
3) Addtl loading on idler arm",3,Drive arm broken,Non-service boat strike,4,2,none,"1) PTO not moving
2) Surveillance cameras；Dry dock reattachment of float arm to WEC",StingRAY/SR-RR-0100 Hull PD v3.0 07-25-2016.xlsx
Hull,"Fwd float idler arm
Aft float idler arm",满足系统持续运行要求,Constrain float to relative pitch about nacelle,,"1) Wave loading of float is no longer transferred nacelle tube on idler side
2) Addtl loading on drive arm",1,Idler arm broken,Fatigue of float arm due to uncertainties in loading,7,2,,1) Surveillance cameras；Dry dock reattachment of float arm to WEC,StingRAY/SR-RR-0100 Hull PD v3.0 07-25-2016.xlsx
Hull,"Fwd float idler arm
Aft float idler arm",满足系统持续运行要求,Constrain float to relative pitch about nacelle,,"1) Wave loading of float is no longer transferred nacelle tube on idler side
2) Addtl loading on drive arm",1,Idler arm broken,"Wearing of float arm, due to deflection",7,2,"Visual inspection, and repair if  needed",1) Surveillance cameras；Dry dock reattachment of float arm to WEC,StingRAY/SR-RR-0100 Hull PD v3.0 07-25-2016.xlsx
Hull,"Fwd float idler arm
Aft float idler arm",满足系统持续运行要求,Constrain float to relative pitch about nacelle,,"1) Wave loading of float is no longer transferred nacelle tube on idler side
2) Addtl loading on drive arm",3,Idler arm broken,Non-service boat strike,4,2,none,1) Surveillance cameras；Dry dock reattachment of float arm to WEC,StingRAY/SR-RR-0100 Hull PD v3.0 07-25-2016.xlsx
Hull,Nacelle Tube,满足系统持续运行要求,"Rigid connection between nacelle assembly and spars
Provide access pathway to nacelle
Provision of watertight compartment
Counterface for aft float (port) idler bearing (0265)",,"1) water ingress via hole
2) bilge removes water in nacelle tube and spar compartment",1,Hole in single comparment,"Leak in FRP (e.g. manufacturing flaw, assembly)",4,2,,1) bilge detection；Repair in-situ,StingRAY/SR-RR-0100 Hull PD v3.0 07-25-2016.xlsx
Hull,Nacelle Tube,满足系统持续运行要求,"Rigid connection between nacelle assembly and spars
Provide access pathway to nacelle
Provision of watertight compartment
Counterface for aft float (port) idler bearing (0265)",,"1) water ingress via hole
2) bilge removes water in nacelle tube and spar compartment",1,Hole in single comparment,Leak in FRP - fatigue crack due to uncertainties in loading,7,2,,1) bilge detection；Dry dock for FRP repair and replacement of damaged components,StingRAY/SR-RR-0100 Hull PD v3.0 07-25-2016.xlsx
Hull,Lower Nacelle,满足系统持续运行要求,Provision of watertight compartment,,Crack/hole in hull (No water ingress/egress),1,Hole in single compartment,"Leak in FRP (e.g. manufacturing flaw, assembly)",4,2,,No detection；No repair necessary,StingRAY/SR-RR-0100 Hull PD v3.0 07-25-2016.xlsx
Hull,Lower Nacelle,满足系统持续运行要求,Provision of watertight compartment,,Crack/hole in hull (No water ingress/egress),1,Hole in single compartment,Leak in FRP - fatigue crack due to uncertainties in loading,5,2,,No detection；No repair necessary,StingRAY/SR-RR-0100 Hull PD v3.0 07-25-2016.xlsx
Hull,"PTO Hull - STBD
PTO Hull - PORT",满足系统持续运行要求,Provision of watertight compartment,,1) water ingress through hole (bilge removes water from compartment),1,Hole in single comparment,"Leak in FRP (e.g. manufacturing flaw, assembly)",3,2,,1) bilge detection；Repair in-situ,StingRAY/SR-RR-0100 Hull PD v3.0 07-25-2016.xlsx
Hull,"PTO Hull - STBD
PTO Hull - PORT",满足系统持续运行要求,Provision of watertight compartment,,1) water ingress through hole (bilge removes water from compartment),1,Hole in single comparment,Leak in FRP - fatigue crack due to uncertainties in loading,7,2,,1) bilge detection；Dry dock for FRP repair and replacement of damaged components,StingRAY/SR-RR-0100 Hull PD v3.0 07-25-2016.xlsx
Hull,"PTO Hull - STBD
PTO Hull - PORT",满足系统持续运行要求,Provision of watertight compartment,,1) water ingress through hole (bilge removes water from compartment),3,Hole in single comparment,"Non-service boat strike
(float overtopping required)",3,2,,"1) bilge detection；In situ FRP repair if possible (hole above waterline and known location)
Worst case: Dry dock inspection and repair of WEC.",StingRAY/SR-RR-0100 Hull PD v3.0 07-25-2016.xlsx
Hull,Control Room,满足系统持续运行要求,Provision of watertight compartment,,1) water ingress through hole (bilge removes water from compartment),1,Hole in single comparment,"Leak in FRP (e.g. manufacturing flaw, assembly)  not boat strikes",3,2,,1) bilge detection；Repair in-situ,StingRAY/SR-RR-0100 Hull PD v3.0 07-25-2016.xlsx
Hull,Control Room,满足系统持续运行要求,Provision of watertight compartment,,1) water ingress through hole (bilge removes water from compartment),1,Hole in single comparment,Leak in FRP - fatigue crack due to uncertainties in loading,4,2,,1) bilge detection；Dry dock for FRP repair and replacement of damaged components,StingRAY/SR-RR-0100 Hull PD v3.0 07-25-2016.xlsx
Hull,Control Room,满足系统持续运行要求,Provision of watertight compartment,,1) water ingress through hole (bilge removes water from compartment),3,Hole in single comparment,Non-service boat strike,3,2,,"1) bilge detection；In situ FRP repair if possible (hole above waterline and known location)
Worst case: Dry dock inspection and repair of WEC.",StingRAY/SR-RR-0100 Hull PD v3.0 07-25-2016.xlsx
Hull,"Spar - STBD
Spar - PORT",满足系统持续运行要求,"Rigid connection between nacelle tube and damper
Dry access route into nacelle tubes
Provision of watertight compartment",,1) water ingress through hole (bilge removes water from compartment),1,Hole in single comparment,"Leak in FRP (e.g. manufacturing flaw, assembly)  not boat strikes",4,2,,1) bilge detection；Repair in-situ,StingRAY/SR-RR-0100 Hull PD v3.0 07-25-2016.xlsx
Hull,"Spar - STBD
Spar - PORT",满足系统持续运行要求,"Rigid connection between nacelle tube and damper
Dry access route into nacelle tubes
Provision of watertight compartment",,1) water ingress through hole (bilge removes water from compartment),1,Hole in single comparment,Leak in FRP - fatigue crack due to uncertainties in loading,5,2,,"1) IMU orientation
2) pressure sensors outside attached to spars
3) bilge detection；Dry dock for FRP repair and replacement of damaged components",StingRAY/SR-RR-0100 Hull PD v3.0 07-25-2016.xlsx
Hull,"Spar - STBD
Spar - PORT",满足系统持续运行要求,"Rigid connection between nacelle tube and damper
Dry access route into nacelle tubes
Provision of watertight compartment",,1) water ingress through hole (bilge removes water from compartment),2,Hole in single comparment,Non-service Boat Strike,8,2,,"1) Surveillance cameras
2) visual inspection
3) level sensors on spars；In situ FRP repair if possible (hole above waterline and known location)
Worst case: Dry dock inspection and repair of WEC.",StingRAY/SR-RR-0100 Hull PD v3.0 07-25-2016.xlsx
Hull,"Spar - STBD
Spar - PORT",满足系统持续运行要求,"Rigid connection between nacelle tube and damper
Dry access route into nacelle tubes
Provision of watertight compartment",,1) water ingress through hole (bilge removes water from compartment),2,Hole in single comparment,Service Boat Strike,5,2,,"1) Surveillance cameras
2) visual inspection
3) level sensors on spars；In situ FRP repair if possible (hole above waterline and known location)
Worst case: Dry dock inspection and repair of WEC.",StingRAY/SR-RR-0100 Hull PD v3.0 07-25-2016.xlsx
Hull,Spar - STBD / PORT Upper composite / composite joint and Lower composite / steel joint,满足系统持续运行要求,Connection between upper spar section and lower spar section,,"1) Deteachment of spar sections
2) Damage to WEC",1,Structural failure,"Extreme wave event loading
(Overloading)",5,2,,1) visual inspection；Dyr dock repair,StingRAY/SR-RR-0100 Hull PD v3.0 07-25-2016.xlsx
Hull,Spar - STBD / PORT Upper composite / composite joint and Lower composite / steel joint,满足系统持续运行要求,Connection between upper spar section and lower spar section,,"1) Deteachment of spar sections
2) Damage to WEC",1,Structural failure,Corrosion (including crevice  corrosion),7,2,,1) visual inspection；Dyr dock repair,StingRAY/SR-RR-0100 Hull PD v3.0 07-25-2016.xlsx
Hull,Spar - STBD / PORT Upper composite / composite joint and Lower composite / steel joint,满足系统持续运行要求,Connection between upper spar section and lower spar section,,"1) Deteachment of spar sections
2) Damage to WEC",1,Cracking,Fatigue crack due to uncertainties in loading,7,2,,1) visual inspection；Dyr dock repair,StingRAY/SR-RR-0100 Hull PD v3.0 07-25-2016.xlsx
Hull,Damper,满足系统持续运行要求,"Inertial/drag reaction
Wave activated body
Provision of watertight compartment",,Crack/hole in hull (No water ingress/egress),1,Hole in single comparment,"Leak in FRP (e.g. manufacturing flaw, assembly)  not boat strikes",4,2,,No detection；No repair necessary,StingRAY/SR-RR-0100 Hull PD v3.0 07-25-2016.xlsx
Hull,Damper,满足系统持续运行要求,"Inertial/drag reaction
Wave activated body
Provision of watertight compartment",,Crack/hole in hull (No water ingress/egress),1,Hole in single comparment,Leak in FRP - fatigue crack due to uncertainties in loading,7,2,,No detection；No repair necessary,StingRAY/SR-RR-0100 Hull PD v3.0 07-25-2016.xlsx
Hull,Damper/Mooring lug connection,满足系统持续运行要求,Load transfer between mooring lines and WEC hull,,"1. Loss of mooring connection, hence position keeping
2. Significant greater watch circle
3. Loss of umbillical.",1,Breakage of connection (FRP break),"Extreme wave event loading
(Overloading)",5,2,,"1) GPS position alarm
2) Visual detection
3) loss of umibilical connectivity
4) mooring load cell signal；Dry dock repair",StingRAY/SR-RR-0100 Hull PD v3.0 07-25-2016.xlsx
Hull,Damper/Mooring lug connection,满足系统持续运行要求,Load transfer between mooring lines and WEC hull,,"1. Loss of mooring connection, hence position keeping
2. Significant greater watch circle
3. Loss of umbillical.",1,Breakage of connection (FRP break),Fatigue,7,2,,"1) GPS position alarm
2) Visual detection
3) loss of umibilical connectivity
4) mooring load cell signal；Dry dock repair",StingRAY/SR-RR-0100 Hull PD v3.0 07-25-2016.xlsx
Hull,HAT stiffners,满足系统持续运行要求,"Provide additional stiffness to the floats, nacelle and damper",,"1. Reduction in stiffness of the component
2. Excessive deformation of the component leading to increase in probability of occurrence of other failure mode, for instance reduction in air gap or sea leakage due to deformation of floats",1,Delamination,"Extreme wave event loading
(Overloading)",4,2,,1) visual inspection；Dry dock repair,StingRAY/SR-RR-0100 Hull PD v3.0 07-25-2016.xlsx
Hull,HAT stiffners,满足系统持续运行要求,"Provide additional stiffness to the floats, nacelle and damper",,"1. Reduction in stiffness of the component
2. Excessive deformation of the component leading to increase in probability of occurrence of other failure mode, for instance reduction in air gap or sea leakage due to deformation of floats",1,Delamination,Fatigue,6,2,,1) visual inspection；Dry dock repair,StingRAY/SR-RR-0100 Hull PD v3.0 07-25-2016.xlsx
PTO,PTO,满足系统持续运行要求,"PTO functions are electromechanical energy conversion, torque transmission,
constrain generator to 1DOF rotation and maintain rotor/stator airgap, with minimal friction. The PTO is composed of electrical and mechanical components.",,"Mechanical 
Severe structural failure
WEC is no longer functioning",4,"Structural failure
Loss of PTO",Loading in fore-in-aft configuration greater than predicted (note that CPwr numerical modeling is not able to accurately represent the very low freeboard fore float in fore-in-aft configuration),3,2,"monitoring strain gauges (likely not on the fore float or arms, but rather on the shaft and/or nacelle tube)","1) Surveillance
2) SCADA
3) etc；Dry dock repair if possible, if not loss of projects",StingRAY/SR-RR-0200 PTO PD v3.0 07-25-2016.xlsx
PTO,Stator Segment,满足系统持续运行要求,Electromechanical energy conversion,,"Electrical 
1) Stator segment is is electrical isolated 
2) PTO is shutdown and electrically isolated.
3) Heat production in shorted segment
4) Freshwater cooling flow is increased
5) smoke/fire 
6) Fire spreads",1,"Fire/smoke due to electrical short
Loss of stator segment
Loss of PTO","Electrical short (non-moisture or corrosion)
- Short in coils
- Short in connector
- Short in PTC or KTY circuit
Creating an overheating condition which leads to fire/smoke",4,2,"1) Automated stator disconnect, overcurrent protection.
2) PTC element initiates overtemperature shutdown.
3) KTY 84 sensor - temperature monitoring circuit for data trend analysis 
2) Stator group performance analysis, data trend.","1) PTC Stator fault Alarm - overtemperature stator segment
2) PTO shutdown fault Alarm
3) PTO fire Alarm
4) PTO compartment air quality monitoring & alarm
5) Surveillance system - PTO visible & IR camera；Dry dock repair/overall depending on extent of the fire damage",StingRAY/SR-RR-0200 PTO PD v3.0 07-25-2016.xlsx
PTO,Stator Segment,满足系统持续运行要求,Electromechanical energy conversion,,"Electrical 
1) Stator is isolated, PTC overtemperature initiates segment isolation breaker to open 
2) PTO inisates a controlled shutdown
3) Heat production in shorted segment
4) Cooling system flow is increased to reduce temperature",1,"Loss of stator segment due to high heat,
Loss of PTO","Overheating - single stator segment cause by:
1) Short circuit in stator segment
2) Faulty PTC temperature
3) Short in back iron leading to high eddy current losses. 
4) Stator segment internal cooling tube blockage or leak.",5,2,"1) KTY 84 sensor - temperature monitoring circuit for data trend analysis of each segment
2) Stator group performance analysis, data trend.","1) Stator fault Alarm - overtemperature stator segment
2) PTO shutdown fault Alarm
3) KTY temperature monitor data；1) Dry dock repair to replace stator segment, 
2) Determine segment is not an issue, and operate PTO with one less segment. PTO is design to operate with any number of stator segments to reduce dry dock repair frequency in the case of a stator segment fault.",StingRAY/SR-RR-0200 PTO PD v3.0 07-25-2016.xlsx
PTO,Stator Segment,满足系统持续运行要求,Electromechanical energy conversion,,"Mechanical 
1) Heat in segment due to eddy currents at back iron corrosion location.
2) Corrosion leads to electrical short in coils, high heat and current.
3) Stator segment is electrically isolated, PTO is shut down. 
5) Deformation/expansion from overheating rusting back iron and reduction of air gap.
6) Impact with rotor, debris from damage travel to air gap causing damage to other segments and ultimately failure of the generator",1,Single Multiple stator segment failure,Corrosion induced failure,4,2,"1) Visual inspection
2) Surveillence system cameras
3) KTC stator tempature profile monitoring. Alarm if out of operating range before overtemperature.","1) PTC Stator fault Alarm - overtemperature stator segment
2) PTO shutdown fault Alarm
3) Surveillance system - PTO visible & IR camera
4)Vibration monitoring: Vibration sensor threshold high alarm.；Dry dock repair",StingRAY/SR-RR-0200 PTO PD v3.0 07-25-2016.xlsx
PTO,Stator Segment,满足系统持续运行要求,Electromechanical energy conversion,,"Mechanical 
1) Heat in segment due to eddy currents at back iron corrosion location.
2) Corrosion leads to electrical short in coils, high heat and current.
3) Stator segment is electrically isolated, PTO is shut down. 
5) Deformation/expansion from overheating rusting back iron and reduction of air gap.
6) Impact with rotor, debris from damage travel to air gap causing damage to other segments and ultimately failure of the generator",1,Single Multiple stator segment failure,Manufacturing defect results in failure,3,2,"1) Visual inspection
2) Surveillence system cameras
3) KTC stator tempature profile monitoring. Alarm if out of operating range before overtemperature.","1) PTC Stator fault Alarm - overtemperature stator segment
2) PTO shutdown fault Alarm
3) Surveillance system - PTO visible & IR camera
4)Vibration monitoring: Vibration sensor threshold high alarm.；Dry dock repair",StingRAY/SR-RR-0200 PTO PD v3.0 07-25-2016.xlsx
PTO,Stator Segment,满足系统持续运行要求,Electromechanical energy conversion,,"Electrical 
1) Stator is isolated, PTC overtemperature or over current shutdown. 
2) PTO inisates a controlled shutdown
3) Heat production in shorted segment
4) Cooling system flow is increased to reduce temperature",1,Single stator segment failure,"Moisture induced failure, moisture leads to stator internal electrical short.",4,2,"1) Compartment environmental moniotring - moisture and humidity kept within compartmetnal specifications by climate control system
2) Bilge level sensor
3) Surveillence system cameras
4) Visual inspection
5) KTC stator tempature profile monitoring","1) PTC Stator fault Alarm - overtemperature and overcurrent stator segment
2) PTO shutdown fault Alarm
3) Compartment environmental monitoring and bilge sensors
4) Surveillance system - PTO visible & IR camera
5) Visual inspection；Dry dock repair",StingRAY/SR-RR-0200 PTO PD v3.0 07-25-2016.xlsx
PTO,Stator Segment,满足系统持续运行要求,Electromechanical energy conversion,,"Mechanical 
1) Loss of stator segment
2) Loss of PTO - control shutdown after segment is lost.
3) Heat in segment
4) Damage to components and debris travel to air gap causing more damage",1,Multiple stator segment failure,Vibration induced failure,5,2,"1) Vibration monitoring
2) Torque rod load cells on smart cart.","1) PTC Stator fault Alarm - overtemperature and overcurrent stator segment
2) PTO shutdown fault Alarm
3) Surveillance system - PTO visible & IR camera
4) Visual inspection；Dry dock repair",StingRAY/SR-RR-0200 PTO PD v3.0 07-25-2016.xlsx
PTO,Stator Segment,满足系统持续运行要求,Electromechanical energy conversion,,"1) Loss of stator segment
2) Loss of PTO
3) Damage to components and debris travel to air gap causing more damage",1,Multiple stator segment failure,Accidental impact from rotor or Operational impact between stator segment and rotor.,3,2,"1) Airgap sensors on smart cart
2) Noise monitoring
3) Surveillance systems - camera visually inspections","1) SCADA diagnostics - PTO shutdown
2)  Audio  noise threshold alarm
3) Vibration sensors
4) Suveillance system - camera；Dry dock repair",StingRAY/SR-RR-0200 PTO PD v3.0 07-25-2016.xlsx
PTO,"Rotor Segment
mounting",满足系统持续运行要求,Hold rotor in place,,"1) Rotor segment impacts stator segments
- Magnet comes loose
- Corrosion bubbles up the magent material greater than airgap
- Material scraping and damage to surfaces",1,mechanical failure,Corrosion induced failure,5,2,"1) Compartment environmental moniotring - moisture and humidity kept within compartmetnal specifications by climate control system
2) Bilge level sensor
3) Surveillence system cameras
4) Visual inspection
5) KTC stator tempature profile monitoring","1) Surveillance system - PTO visible & IR camera
2)Vibration monitoring: Vibration sensor threshold high alarm.；Dry dock repair",StingRAY/SR-RR-0200 PTO PD v3.0 07-25-2016.xlsx
PTO,"Rotor Segment
mounting",满足系统持续运行要求,Hold rotor in place,,"T-bar hardware failure
 - Bolts that hold T bar in place",1,mechanical failure,Manufacturing defect results in failure,3,2,"1) Surveillence system cameras
2) Visual inspection
3) Airgap measurement on smart stator cart","1) Surveillance system - PTO visible & IR camera
2)Vibration monitoring: Vibration sensor threshold high alarm.；Dry dock repair",StingRAY/SR-RR-0200 PTO PD v3.0 07-25-2016.xlsx
PTO,"Rotor Segment
mounting",满足系统持续运行要求,Hold rotor in place,,1) Rotor segment impacts stator segments,1,mechanical failure,Vibration induced failure,7,2,"1) Surveillence system cameras
2) Visual inspection
3) Airgap measurement on smart stator cart",Surveillance camera；Dry dock repair,StingRAY/SR-RR-0200 PTO PD v3.0 07-25-2016.xlsx
PTO,Rotor Segment,满足系统持续运行要求,Create magnetic field,,"1) Loss of field strength 
2) Reduction in voltage
3) Reduction in power",1,Failure of single rotor magnet,Corrosion induced failure,5,2,Visual inspection,Visual inspection；Dry dock repair,StingRAY/SR-RR-0200 PTO PD v3.0 07-25-2016.xlsx
PTO,Rotor Segment,满足系统持续运行要求,Create magnetic field,,"1) Loss of field strength 
2) Reduction in voltage
3) Reduction in power",1,Failure of single rotor magnet,Manufacturing defect results in failure,4,2,Visual inspection,Visual inspection；Dry dock repair,StingRAY/SR-RR-0200 PTO PD v3.0 07-25-2016.xlsx
PTO,Rotor Segment,满足系统持续运行要求,Create magnetic field,,"1) Loss of field strength 
2) Reduction in voltage
3) Reduction in power",1,Failure of single rotor magnet,Vibration induced failure,7,2,Visual inspection,Visual inspection；Dry dock repair,StingRAY/SR-RR-0200 PTO PD v3.0 07-25-2016.xlsx
PTO,Rotor Segment,满足系统持续运行要求,Create magnetic field,,Reduced magnetic field (EMF) for part of the rotor over the theta angle range of operation.,1,"1) Short circuit in stator - high current and heat leading to
2) de-magnetization of magnets over range of operation of faulted stator segment.","Fault in stator segment
- High current
- High heat
Coupled with vibration",3,2,Design,None；Dry dock repair,StingRAY/SR-RR-0200 PTO PD v3.0 07-25-2016.xlsx
PTO,Stator Cables,满足系统持续运行要求,Connection between stator segments in PTO compartment to MoMos in dry control room,,"1) Loss of stator segment
2) Other stator segments with same MoMo gets extra current for one wave cycle
3) failure detected
4) Command higher damping on other 35 stators
5) Reduced efficiency",1,Stator cable open,Corrosion induced failure,7,2,,SCADA diagnostics；Accept failure or dry dock repair,StingRAY/SR-RR-0200 PTO PD v3.0 07-25-2016.xlsx
PTO,Stator Cables,满足系统持续运行要求,Connection between stator segments in PTO compartment to MoMos in dry control room,,"1) Loss of stator segment
2) Other stator segments with same MoMo gets extra current for one wave cycle
3) failure detected
4) Command higher damping on other 35 stators
5) Reduced efficiency",1,Stator cable open,Manufacturing defect results in failure,3,2,,SCADA diagnostics；Accept failure or dry dock repair,StingRAY/SR-RR-0200 PTO PD v3.0 07-25-2016.xlsx
PTO,Stator Cables,满足系统持续运行要求,Connection between stator segments in PTO compartment to MoMos in dry control room,,"1) Loss of stator segment
2) Heat in segment
3) Command higher damping on other 35 stators
4) Reduced efficiency",1,Stator cable short,Moisture induced failure,4,2,,"SCADA diagnostics；1) Automatic breaker trip
2) accept failure or dry dock repair",StingRAY/SR-RR-0200 PTO PD v3.0 07-25-2016.xlsx
PTO,Stator Cables,满足系统持续运行要求,Connection between stator segments in PTO compartment to MoMos in dry control room,,"1) Loss of stator segment
2) Other stator segments with same MoMo gets extra current for one wave cycle
3) failure detected
4) Command higher damping on other 35 stators
5) Reduced efficiency",1,Stator cable open,Vibration induced failure,7,2,,SCADA diagnostics；Accept failure or dry dock repair,StingRAY/SR-RR-0200 PTO PD v3.0 07-25-2016.xlsx
PTO,PTO to hull interface,满足系统持续运行要求,Transfer PTO and rotor loads to sub-structure,,"1) Loss of torque transmitted by PTO
2) Flooded PTO compartment
3) Debris broken off",1,FRP fracture,Wear/fatigue,4,2,,"1) Vibration sensors and bearing temperature
2) Abnormal speed with respect to the wave climate and damping；Dry dock repair",StingRAY/SR-RR-0200 PTO PD v3.0 07-25-2016.xlsx
PTO,PTO to hull interface,满足系统持续运行要求,Transfer PTO and rotor loads to sub-structure,,"1) Loss of torque transmitted by PTO
2) Flooded PTO compartment
3) Debris broken off",1,FRP fracture,Manufacturing defect,3,2,,"1) Vibration sensors and bearing temperature
2) Abnormal speed with respect to the wave climate and damping；Dry dock repair",StingRAY/SR-RR-0200 PTO PD v3.0 07-25-2016.xlsx
PTO,PTO to hull interface,满足系统持续运行要求,Transfer PTO and rotor loads to sub-structure,,"1) Loss of torque transmitted by PTO
2) Flooded PTO compartment
3) Debris broken off",1,FRP fracture,"Contamination, corrosion",3,2,,"1) Vibration sensors and bearing temperature
2) Abnormal speed with respect to the wave climate and damping；Dry dock repair",StingRAY/SR-RR-0200 PTO PD v3.0 07-25-2016.xlsx
PTO,PTO to hull interface,满足系统持续运行要求,Transfer PTO and rotor loads to sub-structure,,"1) Loss of torque transmitted by PTO
2) Flooded PTO compartment
3) Debris broken off",1,FRP fracture,Extreme loading,4,2,,"1) Vibration sensors and bearing temperature
2) Abnormal speed with respect to the wave climate and damping；Dry dock repair",StingRAY/SR-RR-0200 PTO PD v3.0 07-25-2016.xlsx
PTO,PTO shaft,满足系统持续运行要求,Transmit torque from float drive arm to the rotor,,"1) Shaft broken off
2) Loss of torque transmitted to PTO
3) Damage to nacelle tube from broken off shaft and float arm",1,Steel fracture,Wear/fatigue,4,2,,"1) Vibration sensors and bearing temperature
2) Abnormal speed with respect to the wave climate and damping；Dry dock repair",StingRAY/SR-RR-0200 PTO PD v3.0 07-25-2016.xlsx
PTO,PTO shaft,满足系统持续运行要求,Transmit torque from float drive arm to the rotor,,"1) Shaft broken off
2) Loss of torque transmitted to PTO
3) Damage to nacelle tube from broken off shaft and float arm",1,Steel fracture,Manufacturing defect,3,2,,"1) Vibration sensors and bearing temperature
2) Abnormal speed with respect to the wave climate and damping；Dry dock repair",StingRAY/SR-RR-0200 PTO PD v3.0 07-25-2016.xlsx
PTO,PTO shaft,满足系统持续运行要求,Transmit torque from float drive arm to the rotor,,"1) Shaft broken off
2) Loss of torque transmitted to PTO
3) Damage to nacelle tube from broken off shaft and float arm",1,Steel fracture,"Contamination, corrosion",4,2,,"1) Vibration sensors and bearing temperature
2) Abnormal speed with respect to the wave climate and damping；Dry dock repair",StingRAY/SR-RR-0200 PTO PD v3.0 07-25-2016.xlsx
PTO,PTO shaft,满足系统持续运行要求,Transmit torque from float drive arm to the rotor,,"1) Shaft broken off
2) Loss of torque transmitted to PTO
3) Damage to nacelle tube from broken off shaft and float arm",1,Steel fracture,Extreme loading,4,2,,"1) Vibration sensors and bearing temperature
2) Abnormal speed with respect to the wave climate and damping；Dry dock repair",StingRAY/SR-RR-0200 PTO PD v3.0 07-25-2016.xlsx
PTO,PTO rotor,满足系统持续运行要求,Transmit torque from drive shaft to rotor segments,,"1) FRP rotor no longer maintains airgap
2) Loss of PTO
3) Stator and rotor components damaged",1,FRP fracture,Wear/fatigue,4,2,,"1) Vibration sensors and bearing temperature
2) Abnormal speed with respect to the wave climate and damping；Dry dock repair",StingRAY/SR-RR-0200 PTO PD v3.0 07-25-2016.xlsx
PTO,PTO rotor,满足系统持续运行要求,Transmit torque from float drive arm to the rotor,,"1) FRP rotor no longer maintains airgap
2) Loss of PTO
3) Stator and rotor components damaged",1,FRP fracture,Manufacturing defect,3,2,,"1) Vibration sensors and bearing temperature
2) Abnormal speed with respect to the wave climate and damping；Dry dock repair",StingRAY/SR-RR-0200 PTO PD v3.0 07-25-2016.xlsx
PTO,PTO rotor,满足系统持续运行要求,Transmit torque from float drive arm to the rotor,,"1) FRP rotor no longer maintains airgap
2) Loss of PTO
3) Stator and rotor components damaged",1,FRP fracture,"Contamination, corrosion",3,2,,"1) Vibration sensors and bearing temperature
2) Abnormal speed with respect to the wave climate and damping；Dry dock repair",StingRAY/SR-RR-0200 PTO PD v3.0 07-25-2016.xlsx
PTO,PTO rotor,满足系统持续运行要求,Transmit torque from float drive arm to the rotor,,"1) FRP rotor no longer maintains airgap
2) Loss of PTO
3) Stator and rotor components damaged",1,FRP fracture,Extreme loading,4,2,,"1) Vibration sensors and bearing temperature
2) Abnormal speed with respect to the wave climate and damping；Dry dock repair",StingRAY/SR-RR-0200 PTO PD v3.0 07-25-2016.xlsx
PTO,Main Bearings,满足系统持续运行要求,"Allow smooth rotation of rotor
Constrain relative generator (and float/nacelle) motion to 1 DOF
Transmit loads from drive arms to nacelle tube
Transmit loads on PTO hulls to PTO shafts",,"1) Damaged raceway
2) Broken rollers
3) Added friction",1,Binding,Wear/fatigue,4,2,none,"1) Vibration sensors and bearing temperature
2) Abnormal speed with respect to the wave climate and damping；Moderate increase in friction accepted",StingRAY/SR-RR-0200 PTO PD v3.0 07-25-2016.xlsx
PTO,"Main Bearing
Seals",满足系统持续运行要求,Retain bearing lubrication,,"1) Lose of lubrication
2) Bearing failure",1,Seal failure,Wear/fatigue,6,2,none,"1) Surveillance camera
2) Lubrication level indicator
3) On-board inspection；1) Dry dock to replace seal failure",StingRAY/SR-RR-0200 PTO PD v3.0 07-25-2016.xlsx
PTO,"Main Bearing
Seals",满足系统持续运行要求,Retain bearing lubrication,,"1) Lose of lubrication
2) Bearing failure",1,Seal failure,Manufacturing defect,2,2,none,"1) Surveillance camera
2) Lubrication level indicator
3) On-board inspection；1) Dry dock to replace seal failure",StingRAY/SR-RR-0200 PTO PD v3.0 07-25-2016.xlsx
PTO,"Main Bearing
Seals",满足系统持续运行要求,Retain bearing lubrication,,"1) Lose of lubrication
2) Bearing failure",1,Seal failure,Contamination puncture,2,2,none,"1) Surveillance camera
2) Lubrication level indicator
3) On-board inspection；1) Dry dock to replace seal failure",StingRAY/SR-RR-0200 PTO PD v3.0 07-25-2016.xlsx
PTO,"Main Bearing
Seals",满足系统持续运行要求,Retain bearing lubrication,,"1) Lose of lubrication
2) Bearing failure",1,Seal failure,Deformation of shaft,2,2,none,"1) Surveillance camera
2) Lubrication level indicator
3) On-board inspection；1) Dry dock to replace seal failure",StingRAY/SR-RR-0200 PTO PD v3.0 07-25-2016.xlsx
PTO,Main Bearings,满足系统持续运行要求,"Allow smooth rotation of rotor
Constrain relative generator (and float/nacelle) motion to 1 DOF
Transmit loads from drive arms to nacelle tube
Transmit loads on PTO hulls to PTO shafts",,"1) Damaged raceway
2) Broken rollers
3) Added friction",1,Binding,Manufacturing defect,4,2,none,"1) Vibration sensors and bearing temperature
2) Abnormal speed with respect to the wave climate and damping；Moderate increase in friction accepted",StingRAY/SR-RR-0200 PTO PD v3.0 07-25-2016.xlsx
PTO,Main Bearings,满足系统持续运行要求,"Allow smooth rotation of rotor
Constrain relative generator (and float/nacelle) motion to 1 DOF
Transmit loads from drive arms to nacelle tube
Transmit loads on PTO hulls to PTO shafts",,"1) Damaged raceway
2) Broken rollers
3) Added friction",1,Binding,"Contamination, corrosion",5,2,"1) Bearing and lubrication checks, look for signs of bearing failure and contaminants in used grease.","1) Vibration sensors
2) bearing temperature
3) lubrication inspection；Moderate increase in friction accepted",StingRAY/SR-RR-0200 PTO PD v3.0 07-25-2016.xlsx
PTO,Main Bearings,满足系统持续运行要求,"Allow smooth rotation of rotor
Constrain relative generator (and float/nacelle) motion to 1 DOF
Transmit loads from drive arms to nacelle tube
Transmit loads on PTO hulls to PTO shafts",,"1) Damaged raceway
2) Broken rollers
3) Added friction",1,Binding,Extreme loading,5,2,none,"1) Vibration sensors and bearing temperature
2) Abnormal speed with respect to the wave climate and damping；Moderate increase in friction accepted",StingRAY/SR-RR-0200 PTO PD v3.0 07-25-2016.xlsx
PTO,Main Bearings,满足系统持续运行要求,"Allow smooth rotation of rotor
Constrain relative generator (and float/nacelle) motion to 1 DOF
Transmit loads from drive arms to nacelle tube
Transmit loads on PTO hulls to PTO shafts",,"1) Damaged raceway
2) Broken rollers
3) Added friction
4) Bearing damaged and unusable",1,Bearing Failure,Extreme loading,5,2,none,"1) Vibration sensors and bearing temperature
2) Abnormal speed with respect to the wave climate and damping；dry dock replacement",StingRAY/SR-RR-0200 PTO PD v3.0 07-25-2016.xlsx
PTO,"Main Bearing
Seals",满足系统持续运行要求,Retain bearing lubrication,,"1) Lubrication leaks out
2) Increase service outside of maintenance interval",1,Loss of lubrication,Wear/fatigue,7,2,none,"1) Surveillance camera
2) Lubrication level indicator
3) On-board inspection；1) Increase service outside of maintenance interval",StingRAY/SR-RR-0200 PTO PD v3.0 07-25-2016.xlsx
PTO,"Main Bearing
Seals",满足系统持续运行要求,Retain bearing lubrication,,"1) Lubrication leaks out
2) Increase service outside of maintenance interval",1,Loss of lubrication,Manufacturing defect,3,2,none,"1) Surveillance camera
2) Lubrication level indicator
3) On-board inspection；1) Increase service outside of maintenance interval",StingRAY/SR-RR-0200 PTO PD v3.0 07-25-2016.xlsx
PTO,"Main Bearing
Seals",满足系统持续运行要求,Retain bearing lubrication,,"1) Lubrication leaks out
2) Increase service outside of maintenance interval",1,Loss of lubrication,Contamination puncture,3,2,none,"1) Surveillance camera
2) Lubrication level indicator
3) On-board inspection；1) Increase service outside of maintenance interval",StingRAY/SR-RR-0200 PTO PD v3.0 07-25-2016.xlsx
PTO,"Main Bearing
Seals",满足系统持续运行要求,Retain bearing lubrication,,"1) Lubrication leaks out
2) Increase service outside of maintenance interval",1,Loss of lubrication,Deformation of shaft,3,2,none,"1) Surveillance camera
2) Lubrication level indicator
3) On-board inspection；1) Increase service outside of maintenance interval",StingRAY/SR-RR-0200 PTO PD v3.0 07-25-2016.xlsx
PTO,"Idler Bearing - STBD
Idler Bearing - PORT",满足系统持续运行要求,"Attach float idler arm to nacelle tube / PTO shaft
Support radial and axial loads",,"1) Reduced efficiency 
2) Increased friction",1,Binding,Wear/fatigue,6,2,none,1) Vibration sensors；Dry dock to replace bushing,StingRAY/SR-RR-0200 PTO PD v3.0 07-25-2016.xlsx
PTO,"Idler Bearing - STBD
Idler Bearing - PORT",满足系统持续运行要求,"Attach float idler arm to nacelle tube / PTO shaft
Support radial and axial loads",,"1) Reduced efficiency 
2) Increased friction",1,Binding,Manufacturing defect,4,2,none,1) Vibration sensors；Dry dock to replace bushing,StingRAY/SR-RR-0200 PTO PD v3.0 07-25-2016.xlsx
PTO,"Idler Bearing - STBD
Idler Bearing - PORT",满足系统持续运行要求,"Attach float idler arm to nacelle tube / PTO shaft
Support radial and axial loads",,"1) Reduced efficiency 
2) Increased friction",1,Binding,Debris,6,2,none,1) Vibration sensors；Dry dock to replace bushing,StingRAY/SR-RR-0200 PTO PD v3.0 07-25-2016.xlsx
PTO,"Idler Bearing - STBD
Idler Bearing - PORT",满足系统持续运行要求,"Attach float idler arm to nacelle tube / PTO shaft
Support radial and axial loads",,"1) Reduced efficiency 
2) Increased friction",1,Binding,Extreme loading,5,2,none,1) Vibration sensors；Dry dock to replace bushing,StingRAY/SR-RR-0200 PTO PD v3.0 07-25-2016.xlsx
PTO,"Idler Bearing - STBD
Idler Bearing - PORT",满足系统持续运行要求,"Attach float idler arm to nacelle tube / PTO shaft
Support radial and axial loads",,"1) Reduced efficiency 
2) Increased friction",1,Binding,Deformation of shaft,5,2,none,1) Vibration sensors；Dry dock to replace bushing,StingRAY/SR-RR-0200 PTO PD v3.0 07-25-2016.xlsx
PTO,"Stator Cart
Torque Rods",满足系统持续运行要求,"Transmit torque from stator segment to PTO structure
Maintains generator air gap locally",,"1) Stator segment loosely attached to outer housing
2) Shut down MoMo for stator group
3) Large side load on V-rail",1,Single torque rod failure,Wear/fatigue,7,2,none,"1) Surveillance camera
2) Surveillance microphone；Dry dock to replace torque rod",StingRAY/SR-RR-0200 PTO PD v3.0 07-25-2016.xlsx
PTO,"Stator Cart
Wheel load pin",满足系统持续运行要求,"Transmit torque from stator segment to PTO structure
Maintains generator air gap locally",,"1) Single track roller load pin fails
2) Stator makes contact with rotor
3) Permanent damage to surrounding rotors and stators",1,Single track roller failure,fatigue,7,2,none,"1) SCADA diagnostics
2) Surveillance camera
3) Surveillance microphone 
4) Accelerometer
5) Gap sensors；Dry dock to replace damaged components",StingRAY/SR-RR-0200 PTO PD v3.0 07-25-2016.xlsx
PTO,"Stator Cart
Wheel load pin",满足系统持续运行要求,"Transmit torque from stator segment to PTO structure
Maintains generator air gap locally",,,1,Single track roller failure,Deformation of rotor,5,2,,,StingRAY/SR-RR-0200 PTO PD v3.0 07-25-2016.xlsx
PTO,"Stator Cart
Track rollers",满足系统持续运行要求,"Transmit torque from stator segment to PTO structure
Maintains generator air gap locally",,"1) Roller bearing not functioning properly
2) Wheels slide on track
3) Increase wear on the wheel 
4) Air gap no longer controlled at that location
5) stator makes contact with rotor",1,Single track roller failure,Wear/fatigue,7,2,none,"1) Surveillance camera
2) Accelerometer on rotor/shaft
3) Noise detected on microphone；Dry dock to replace damaged components",StingRAY/SR-RR-0200 PTO PD v3.0 07-25-2016.xlsx
PTO,"Stator Cart
Track rollers",满足系统持续运行要求,"Transmit torque from stator segment to PTO structure
Maintains generator air gap locally",,"1) Air gap no longer controlled at that location
2) stator makes contact with rotor
3) Permanent damage to surrounding rotors",1,Single track roller failure,Manufacturing defect,3,2,none,"1) Surveillance camera
2) Accelerometer on rotor/shaft
3) Noise detected on microphone；Dry dock to replace damaged components",StingRAY/SR-RR-0200 PTO PD v3.0 07-25-2016.xlsx
PTO,"Stator Cart
Track rollers",满足系统持续运行要求,"Transmit torque from stator segment to PTO structure
Maintains generator air gap locally",,"1)  Increase wear on the wheel 
2) Air gap no longer controlled at that location
3) stator makes contact with rotor",1,Single track roller failure,Excessive wear (debris),7,2,,"1) Surveillance camera
2) Accelerometer on rotor/shaft；Dry dock to replace damaged components",StingRAY/SR-RR-0200 PTO PD v3.0 07-25-2016.xlsx
PTO,"Stator Cart
Track",满足系统持续运行要求,"Transmit torque from stator segment to PTO structure
Maintains generator air gap locally",,1) Air gap no longer controlled at that location,1,Air gap tolerance exceeded,Debris,5,2,none,"1) Surveillance camera
2) Accelerometer on rotor/shaft
3) Noise detected on microphone；plastic air hose used to clean off either inboard or outboard track",StingRAY/SR-RR-0200 PTO PD v3.0 07-25-2016.xlsx
PTO,"Stator Cart
Stator segment mount",满足系统持续运行要求,"Transmit torque from stator segment to PTO structure
Maintains generator air gap locally",,"1) Stator segment no longer attached to outer housing
2) Stator makes contact with rotor
3) Permanent damage to surrounding rotors and stators",1,Failure of mechanical mounting,Improper installation,7,2,none,"1) Surveillance camera
2) Accelerometer on rotor/shaft
3) Noise detected on microphone；Dry dock to replace damaged components",StingRAY/SR-RR-0200 PTO PD v3.0 07-25-2016.xlsx
PTO,"Stator Cart
Stator segment mount",满足系统持续运行要求,"Transmit torque from stator segment to PTO structure
Maintains generator air gap locally",,"1) Stator segment no longer attached to outer housing
2) Stator makes contact with rotor
3) Permanent damage to surrounding rotors and stators",1,Failure of mechanical mounting,Manufacturing defect,3,2,none,"1) Surveillance camera
2) Accelerometer on rotor/shaft
3) Noise detected on microphone；Dry dock to replace damaged components",StingRAY/SR-RR-0200 PTO PD v3.0 07-25-2016.xlsx
PTO,"Stator Cart
Stator segment mount",满足系统持续运行要求,"Transmit torque from stator segment to PTO structure
Maintains generator air gap locally",,"1) Stator segment no longer attached to outer housing
2) Stator makes contact with rotor
3) Permanent damage to surrounding rotors and stators",1,Failure of mechanical mounting,Vibration,7,2,none,"1) Surveillance camera
2) Accelerometer on rotor/shaft
3) Noise detected on microphone；Dry dock to replace damaged components",StingRAY/SR-RR-0200 PTO PD v3.0 07-25-2016.xlsx
PTO,"Stator Cart
Bolts",满足系统持续运行要求,"Transmit torque from stator segment to PTO structure
Maintains generator air gap locally",,"1) Excessive vibration
2) Bolts travel into air gap, damaging the stator and rotor segments",1,Loosening,Loss of pretension,7,2,none,"1) Surveillance camera
2) Accelerometer on rotor/shaft
3) Noise detected on microphone；Dry dock to replace damaged components",StingRAY/SR-RR-0200 PTO PD v3.0 07-25-2016.xlsx
PTO,"Stator Cart
Torque Rods",满足系统持续运行要求,"Transmit torque from stator segment to PTO structure
Maintains generator air gap locally",,"1) Stator segment loosely attached to outer housing
2) Shut down MoMo for stator group
3) Large side load on V-rail",1,Single torque rod failure,Manufacturing defect,3,2,none,"1) Surveillance camera
2) Surveillance microphone；Dry dock to replace torque rod",StingRAY/SR-RR-0200 PTO PD v3.0 07-25-2016.xlsx
PTO,"Stator Cart
Torque Rods",满足系统持续运行要求,"Transmit torque from stator segment to PTO structure
Maintains generator air gap locally",,"1) Stator segment loosely attached to outer housing
2) Shut down MoMo for stator group
3) Large side load on V-rail",1,Single torque rod failure,Vibration,7,2,none,"1) Surveillance camera
2) Surveillance microphone；Dry dock to replace torque rod",StingRAY/SR-RR-0200 PTO PD v3.0 07-25-2016.xlsx
PTO,"Stator Cart
Torque Rods",满足系统持续运行要求,"Transmit torque from stator segment to PTO structure
Maintains generator air gap locally",,"1) Stator segment loosely attached to outer housing
2) Shut down MoMo for stator group
3) Large side load on V-rail",1,Single torque rod failure,Deformation of rotor,5,2,none,"1) Surveillance camera
2) Surveillance microphone；Dry dock to replace torque rod",StingRAY/SR-RR-0200 PTO PD v3.0 07-25-2016.xlsx
PTO,"Stator Cart
Torque Rods",满足系统持续运行要求,"Transmit torque from stator segment to PTO structure
Maintains generator air gap locally",,"1) Stator segment loosely attached to outer housing
2) Stator makes contact with neighbouring stators
3) Shut down MoMo for stator group.",1,Double torque rod failure,Wear/fatigue,6,2,none,"1) Surveillance camera
2) Surveillance microphone；Dry dock to replace damaged components",StingRAY/SR-RR-0200 PTO PD v3.0 07-25-2016.xlsx
PTO,"Stator Cart
Torque Rods",满足系统持续运行要求,"Transmit torque from stator segment to PTO structure
Maintains generator air gap locally",,"1) Stator segment loosely attached to outer housing
2) Stator makes contact with neighbouring stators
3) Shut down MoMo for stator group.",1,Double torque rod failure,Manufacturing defect,2,2,none,"1) Surveillance camera
2) Surveillance microphone；Dry dock to replace damaged components",StingRAY/SR-RR-0200 PTO PD v3.0 07-25-2016.xlsx
PTO,"Stator Cart
Torque Rods",满足系统持续运行要求,"Transmit torque from stator segment to PTO structure
Maintains generator air gap locally",,"1) Stator segment loosely attached to outer housing
2) Stator makes contact with neighbouring stators
3) Shut down MoMo for stator group.",1,Double torque rod failure,Vibration,6,2,none,"1) Surveillance camera
2) Surveillance microphone；Dry dock to replace damaged components",StingRAY/SR-RR-0200 PTO PD v3.0 07-25-2016.xlsx
PTO,"Stator Cart
Torque Rods",满足系统持续运行要求,"Transmit torque from stator segment to PTO structure
Maintains generator air gap locally",,"1) Stator segment loosely attached to outer housing
2) Stator makes contact with neighbouring stators
3) Shut down MoMo for stator group.",1,Double torque rod failure,Deformation of rotor,4,2,none,"1) Surveillance camera
2) Surveillance microphone；Dry dock to replace damaged components",StingRAY/SR-RR-0200 PTO PD v3.0 07-25-2016.xlsx
PTO,"Stator Cart
Torque rod load cell",满足系统持续运行要求,"Transmit torque from stator segment to PTO structure
Maintains generator air gap locally",,"1) Stator segment loosely attached to outer housing
2) Shut down MoMo for stator group
3) Large side load on V-rail",1,Single torque rod load cell failure,fatigue,5,2,none,"1) SCADA diagnostics
2) Surveillance camera
3) Surveillance microphone；Dry dock to replace damaged components",StingRAY/SR-RR-0200 PTO PD v3.0 07-25-2016.xlsx
PTO,Shaft Seals,满足系统持续运行要求,Maintain watertight integrity of PTO structure where it is pierced by a rotating shaft,,1) Flooded bilge tank within primary bilge capabilities,1,Moderate Leak,Wear/fatigue,7,2,none,level sensors；dry dock repair of seal,StingRAY/SR-RR-0200 PTO PD v3.0 07-25-2016.xlsx
PTO,Shaft Seals,满足系统持续运行要求,Maintain watertight integrity of PTO structure where it is pierced by a rotating shaft,,"1) Flooded bilge tank beyond primary bilge capabilities
2) Secondary bilge turns on",1,Large leak,Over pressurization,4,2,none,level sensors；dry dock repair of seal,StingRAY/SR-RR-0200 PTO PD v3.0 07-25-2016.xlsx
PTO,Shaft Seals,满足系统持续运行要求,Maintain watertight integrity of PTO structure where it is pierced by a rotating shaft,,"1) Flooded bilge tank beyond primary bilge capabilities
2) Secondary bilge turns on",1,Large leak,Material degradation,4,2,none,level sensors；dry dock repair of seal,StingRAY/SR-RR-0200 PTO PD v3.0 07-25-2016.xlsx
PTO,Shaft Seals,满足系统持续运行要求,Maintain watertight integrity of PTO structure where it is pierced by a rotating shaft,,"1) Flooded bilge tank beyond primary bilge capabilities
2) Secondary bilge turns on",1,Large leak,Deformation of shaft,4,2,none,level sensors；dry dock repair of seal,StingRAY/SR-RR-0200 PTO PD v3.0 07-25-2016.xlsx
PTO,Shaft Seals,满足系统持续运行要求,Maintain watertight integrity of PTO structure where it is pierced by a rotating shaft,,"1) Flooded bilge tank beyond secondary bilge capabilities
2) water fills up bilge pipes to main bearings
3) seals in bearings keep water from entering PTO space",1,Catastrophic leak greater than secondary bilge can handle,Wear/fatigue,5,2,none,level sensors；dry dock repair of seal,StingRAY/SR-RR-0200 PTO PD v3.0 07-25-2016.xlsx
PTO,Shaft Seals,满足系统持续运行要求,Maintain watertight integrity of PTO structure where it is pierced by a rotating shaft,,"1) Flooded bilge tank beyond secondary bilge capabilities
2) water fills up bilge pipes to main bearings
3) seals in bearings keep water from entering PTO space",1,Catastrophic leak greater than secondary bilge can handle,Contamination,4,2,none,level sensors；dry dock repair of seal,StingRAY/SR-RR-0200 PTO PD v3.0 07-25-2016.xlsx
PTO,Shaft Seals,满足系统持续运行要求,Maintain watertight integrity of PTO structure where it is pierced by a rotating shaft,,"1) Flooded bilge tank beyond secondary bilge capabilities
2) water fills up bilge pipes to main bearings
3) seals in bearings keep water from entering PTO space",1,Catastrophic leak greater than secondary bilge can handle,Manufacturing defect,8,2,none,level sensors；dry dock repair of seal,StingRAY/SR-RR-0200 PTO PD v3.0 07-25-2016.xlsx
PTO,Shaft Seals,满足系统持续运行要求,Maintain watertight integrity of PTO structure where it is pierced by a rotating shaft,,"1) Flooded bilge tank beyond secondary bilge capabilities
2) water fills up bilge pipes to main bearings
3) seals in bearings keep water from entering PTO space",1,Catastrophic leak greater than secondary bilge can handle,Over pressurization,3,2,none,level sensors；dry dock repair of seal,StingRAY/SR-RR-0200 PTO PD v3.0 07-25-2016.xlsx
PTO,Shaft Seals,满足系统持续运行要求,Maintain watertight integrity of PTO structure where it is pierced by a rotating shaft,,"1) Flooded bilge tank beyond secondary bilge capabilities
2) water fills up bilge pipes to main bearings
3) seals in bearings keep water from entering PTO space",1,Catastrophic leak greater than secondary bilge can handle,Material degradation,3,2,none,level sensors；dry dock repair of seal,StingRAY/SR-RR-0200 PTO PD v3.0 07-25-2016.xlsx
PTO,Shaft Seals,满足系统持续运行要求,Maintain watertight integrity of PTO structure where it is pierced by a rotating shaft,,"1) Flooded bilge tank beyond secondary bilge capabilities
2) water fills up bilge pipes to main bearings
3) seals in bearings keep water from entering PTO space",1,Catastrophic leak greater than secondary bilge can handle,Deformation of shaft,3,2,none,level sensors；dry dock repair of seal,StingRAY/SR-RR-0200 PTO PD v3.0 07-25-2016.xlsx
PTO,Shaft Seals,满足系统持续运行要求,Maintain watertight integrity of PTO structure where it is pierced by a rotating shaft,,No seals availble for installation,1,Quality control: Failure to manufacture to acceptable level of tolerance and/or inability to manufacture seals,Manufacturing defect,10,2,V&V of assembly,,StingRAY/SR-RR-0200 PTO PD v3.0 07-25-2016.xlsx
PTO,Shaft Seals,满足系统持续运行要求,Maintain watertight integrity of PTO structure where it is pierced by a rotating shaft,,1) Flooded bilge tank within primary bilge capabilities,1,Moderate Leak,Contamination,6,2,none,level sensors；dry dock repair of seal,StingRAY/SR-RR-0200 PTO PD v3.0 07-25-2016.xlsx
PTO,Shaft Seals,满足系统持续运行要求,Maintain watertight integrity of PTO structure where it is pierced by a rotating shaft,,1) Flooded bilge tank within primary bilge capabilities,1,Moderate Leak,Manufacturing defect,4,2,none,level sensors；dry dock repair of seal,StingRAY/SR-RR-0200 PTO PD v3.0 07-25-2016.xlsx
PTO,Shaft Seals,满足系统持续运行要求,Maintain watertight integrity of PTO structure where it is pierced by a rotating shaft,,1) Flooded bilge tank within primary bilge capabilities,1,Moderate Leak,Over pressurization,5,2,none,level sensors；dry dock repair of seal,StingRAY/SR-RR-0200 PTO PD v3.0 07-25-2016.xlsx
PTO,Shaft Seals,满足系统持续运行要求,Maintain watertight integrity of PTO structure where it is pierced by a rotating shaft,,1) Flooded bilge tank within primary bilge capabilities,1,Moderate Leak,Material degradation,5,2,none,level sensors；dry dock repair of seal,StingRAY/SR-RR-0200 PTO PD v3.0 07-25-2016.xlsx
PTO,Shaft Seals,满足系统持续运行要求,Maintain watertight integrity of PTO structure where it is pierced by a rotating shaft,,1) Flooded bilge tank within primary bilge capabilities,1,Moderate Leak,Deformation of shaft,5,2,none,level sensors；dry dock repair of seal,StingRAY/SR-RR-0200 PTO PD v3.0 07-25-2016.xlsx
PTO,Shaft Seals,满足系统持续运行要求,Maintain watertight integrity of PTO structure where it is pierced by a rotating shaft,,"1) Flooded bilge tank beyond primary bilge capabilities
2) Secondary bilge turns on",1,Large leak,Wear/fatigue,6,2,none,level sensors；dry dock repair of seal,StingRAY/SR-RR-0200 PTO PD v3.0 07-25-2016.xlsx
PTO,Shaft Seals,满足系统持续运行要求,Maintain watertight integrity of PTO structure where it is pierced by a rotating shaft,,"1) Flooded bilge tank beyond primary bilge capabilities
2) Secondary bilge turns on",1,Large leak,Contamination,5,2,none,level sensors；dry dock repair of seal,StingRAY/SR-RR-0200 PTO PD v3.0 07-25-2016.xlsx
PTO,Shaft Seals,满足系统持续运行要求,Maintain watertight integrity of PTO structure where it is pierced by a rotating shaft,,"1) Flooded bilge tank beyond primary bilge capabilities
2) Secondary bilge turns on",1,Large leak,Manufacturing defect,3,2,none,level sensors；dry dock repair of seal,StingRAY/SR-RR-0200 PTO PD v3.0 07-25-2016.xlsx
Electric Plant,Motor Modules (MoMo),满足系统持续运行要求,Control and synchronize a group of stator segments,,"1) PTO controlled shutdown
2) Operator can re-start once diagnostics determines fault is isloated and there is no further risk. Re-start PTO with: 
  a. Partial loss of Generator, x/9 
  b. Reduced max torque by x/9
  c. Reduced max damping
  d. Reduction in power due to torque limit reduction by x/9",1,Failed multiple (x) MoMos,Corrosion induced failure short circuit,7,2,1) Visual inspection,SCADA Diagnostics；Manual in-situ inspection and repair,StingRAY/SR-RR-0300 Electric Plant PD v3.0 07-25-2016.xlsx
Electric Plant,Motor Modules (MoMo),满足系统持续运行要求,Control and synchronize a group of stator segments,,"1) PTO controlled shutdown
2) Operator can re-start once diagnostics determines fault is isloated and there is no further risk. Re-start PTO with: 
  a. Partial loss of Generator, x/9 
  b. Reduced max torque by x/9
  c. Reduced max damping
  d. Reduction in power due to torque limit reduction by x/9",1,Failed multiple (x) MoMos,Improper installation or manufacturing defect results in failure,5,2,none,SCADA Diagnostics；Manual in-situ inspection and repair,StingRAY/SR-RR-0300 Electric Plant PD v3.0 07-25-2016.xlsx
Electric Plant,Motor Modules (MoMo),满足系统持续运行要求,Control and synchronize a group of stator segments,,"1) PTO controlled shutdown
2) Operator can re-start once diagnostics determines fault is isloated and there is no further risk. Re-start PTO with: 
  a. Partial loss of Generator, x/9 
  b. Reduced max torque by x/9
  c. Reduced max damping
  d. Reduction in power due to torque limit reduction by x/9",1,Failed multiple (x) MoMos,Vibration and/or motion induced failure,6,2,none,SCADA Diagnostics；Manual in-situ inspection and repair,StingRAY/SR-RR-0300 Electric Plant PD v3.0 07-25-2016.xlsx
Electric Plant,Motor Modules (MoMo),满足系统持续运行要求,Control and synchronize a group of stator segments,,"1) PTO controlled shutdown
2) Operator can re-start once diagnostics determines fault is isloated and there is no further risk. Re-start PTO with: 
  a. Partial loss of Generator, x/9 
  b. Reduced max torque by x/9
  c. Reduced max damping
  d. Reduction in power due to torque limit reduction by x/9",1,Failed multiple (x) MoMos,"Water induced failure 
(non-corrosion)",6,2,"1) SCADA diagnostics 
2) Visual inspection",SCADA Diagnostics；Manual in-situ inspection and repair,StingRAY/SR-RR-0300 Electric Plant PD v3.0 07-25-2016.xlsx
Electric Plant,Motor Modules (MoMo),满足系统持续运行要求,Control and synchronize a group of stator segments,,"1) PTO controlled shutdown
2) Operator can re-start once diagnostics determines fault is isloated and there is no further risk. Re-start PTO with: 
  a. Partial loss of Generator, x/9 
  b. Reduced max torque by x/9
  c. Reduced max damping
  d. Reduction in power due to torque limit reduction by x/9",1,Failed multiple (x) MoMos in enclosure due to enclosure short,Electrical short (no water or corrosion),5,2,"1) SCADA diagnostics 
2) Visual inspection",SCADA Diagnostics；Manual in-situ inspection and repair,StingRAY/SR-RR-0300 Electric Plant PD v3.0 07-25-2016.xlsx
Electric Plant,Motor Modules (MoMo),满足系统持续运行要求,Control and synchronize a group of stator segments,,"1) PTO controlled shutdown
2) Operator can re-start once diagnostics determines fault is isloated and there is no further risk. Re-start PTO with: 
  a. Partial loss of Generator, 1/9 
  b. Reduced max torque by x19
  c. Reduced max damping
  d. Reduction in power due to torque limit reduction by 1/9",1,Failed single MoMo,Corrosion induced failure short circuit,7,2,"1) SCADA diagnostics 
2) Visual inspection",SCADA Diagnostics；Manual in-situ inspection and repair,StingRAY/SR-RR-0300 Electric Plant PD v3.0 07-25-2016.xlsx
Electric Plant,Motor Modules (MoMo),满足系统持续运行要求,Control and synchronize a group of stator segments,,"1) PTO controlled shutdown
2) Operator can re-start once diagnostics determines fault is isloated and there is no further risk. Re-start PTO with: 
  a. Partial loss of Generator, 1/9 
  b. Reduced max torque by x19
  c. Reduced max damping
  d. Reduction in power due to torque limit reduction by 1/9",1,Failed single MoMo,Improper installation or manufacturing defect results in failure,6,2,none,SCADA Diagnostics；Manual in-situ inspection and repair,StingRAY/SR-RR-0300 Electric Plant PD v3.0 07-25-2016.xlsx
Electric Plant,Motor Modules (MoMo),满足系统持续运行要求,Control and synchronize a group of stator segments,,"1) PTO controlled shutdown
2) Operator can re-start once diagnostics determines fault is isloated and there is no further risk. Re-start PTO with: 
  a. Partial loss of Generator, 1/9 
  b. Reduced max torque by x19
  c. Reduced max damping
  d. Reduction in power due to torque limit reduction by 1/9",1,Failed single MoMo,Vibration and/or motion induced failure,7,2,1) Visual inspection,SCADA Diagnostics；Manual in-situ inspection and repair,StingRAY/SR-RR-0300 Electric Plant PD v3.0 07-25-2016.xlsx
Electric Plant,Motor Modules (MoMo),满足系统持续运行要求,Control and synchronize a group of stator segments,,"1) PTO controlled shutdown
2) Operator can re-start once diagnostics determines fault is isloated and there is no further risk. Re-start PTO with: 
  a. Partial loss of Generator, 1/9 
  b. Reduced max torque by x19
  c. Reduced max damping
  d. Reduction in power due to torque limit reduction by 1/9",1,Failed single MoMo,"Water induced failure 
(non-corrosion)",7,2,"1) SCADA diagnostics 
2) Visual inspection",SCADA Diagnostics；Manual in-situ inspection and repair,StingRAY/SR-RR-0300 Electric Plant PD v3.0 07-25-2016.xlsx
Electric Plant,DC Bus,满足系统持续运行要求,"Electrical connection between MoMos, ALMs, Energy Storage, and Emergency resistor",,"1) PTO controlled shutdown
2) Loss of AC power generation
2) Loss of  power production from one PTO
3) Open DC cross connect to isolate port from stbd PTO",1,Short DC bus,Corrosion induced failure short circuit,7,2,1) Visual inspection,SCADA Diagnostics；Manual in-situ inspection and repair,StingRAY/SR-RR-0300 Electric Plant PD v3.0 07-25-2016.xlsx
Electric Plant,DC Bus,满足系统持续运行要求,"Electrical connection between MoMos, ALMs, Energy Storage, and Emergency resistor",,"1) PTO controlled shutdown
2) Loss of AC power generation
2) Loss of  power production from one PTO
3) Open DC cross connect to isolate port from stbd PTO",1,Short DC bus,Improper installation or manufacturing defect results in failure,5,2,none,SCADA Diagnostics；Manual in-situ inspection and repair,StingRAY/SR-RR-0300 Electric Plant PD v3.0 07-25-2016.xlsx
Electric Plant,DC Bus,满足系统持续运行要求,"Electrical connection between MoMos, ALMs, Energy Storage, and Emergency resistor",,"1) PTO controlled shutdown
2) Loss of AC power generation
2) Loss of  power production from one PTO
3) Open DC cross connect to isolate port from stbd PTO",1,Short DC bus,Vibration and/or motion induced failure,5,2,none,SCADA Diagnostics；Manual in-situ inspection and repair,StingRAY/SR-RR-0300 Electric Plant PD v3.0 07-25-2016.xlsx
Electric Plant,DC Bus,满足系统持续运行要求,"Electrical connection between MoMos, ALMs, Energy Storage, and Emergency resistor",,"1) PTO controlled shutdown
2) Loss of AC power generation
2) Loss of  power production from one PTO
3) Open DC cross connect to isolate port from stbd PTO",1,Short DC bus,"Water induced failure 
(non-corrosion)",7,2,"1) SCADA diagnostics 
2) Visual inspection",SCADA Diagnostics；Manual in-situ inspection and repair,StingRAY/SR-RR-0300 Electric Plant PD v3.0 07-25-2016.xlsx
Electric Plant,DC Bus,满足系统持续运行要求,"Electrical connection between MoMos, ALMs, Energy Storage, and Emergency resistor",,"1) PTO controlled shutdown
2) Loss of AC power generation
2) Loss of  power production from one PTO
3) Open DC cross connect to isolate port from stbd PTO",1,Open DC bus,Corrosion induced failure short circuit,7,2,1) Visual inspection,SCADA Diagnostics；Manual in-situ inspection and repair,StingRAY/SR-RR-0300 Electric Plant PD v3.0 07-25-2016.xlsx
Electric Plant,DC Bus,满足系统持续运行要求,"Electrical connection between MoMos, ALMs, Energy Storage, and Emergency resistor",,"1) PTO controlled shutdown
2) Loss of AC power generation
2) Loss of  power production from one PTO
3) Open DC cross connect to isolate port from stbd PTO",1,Open DC bus,Improper installation or manufacturing defect results in failure,5,2,none,SCADA Diagnostics；Manual in-situ inspection and repair,StingRAY/SR-RR-0300 Electric Plant PD v3.0 07-25-2016.xlsx
Electric Plant,DC Bus,满足系统持续运行要求,"Electrical connection between MoMos, ALMs, Energy Storage, and Emergency resistor",,"1) PTO controlled shutdown
2) Loss of AC power generation
2) Loss of  power production from one PTO
3) Open DC cross connect to isolate port from stbd PTO",1,Open DC bus,Vibration and/or motion induced failure,5,2,none,SCADA Diagnostics；Manual in-situ inspection and repair,StingRAY/SR-RR-0300 Electric Plant PD v3.0 07-25-2016.xlsx
Electric Plant,DC Bus,满足系统持续运行要求,"Electrical connection between MoMos, ALMs, Energy Storage, and Emergency resistor",,"1) PTO controlled shutdown
2) Loss of AC power generation
2) Loss of  power production from one PTO
3) Open DC cross connect to isolate port from stbd PTO",1,Short DC bus,Corrosion induced failure short circuit,5,2,1) Visual inspection,SCADA Diagnostics；Manual in-situ inspection and repair,StingRAY/SR-RR-0300 Electric Plant PD v3.0 07-25-2016.xlsx
Electric Plant,DC Bus,满足系统持续运行要求,"Electrical connection between MoMos, ALMs, Energy Storage, and Emergency resistor",,"1) PTO controlled shutdown
2) Loss of AC power generation
2) Loss of  power production from one PTO
3) Open DC cross connect to isolate port from stbd PTO",1,Short DC bus,Improper installation or manufacturing defect results in failure,5,2,none,SCADA Diagnostics；Manual in-situ inspection and repair,StingRAY/SR-RR-0300 Electric Plant PD v3.0 07-25-2016.xlsx
Electric Plant,Energy Storage,满足系统持续运行要求,"Power smoothing
Stores and provides energy to the ALM",,"1) Loss of power smoothing capability
2) Reduction in power production to HECO grid connection limit 500kW. No power smoothing results in reduced average power production  
3) Reduced damping due to power limit",1,Faulted Energy Storage,Corrosion induced failure short/open circuit,7,2,1) Visual inspection,SCADA Diagnostics；Manual in-situ inspection and repair,StingRAY/SR-RR-0300 Electric Plant PD v3.0 07-25-2016.xlsx
Electric Plant,Energy Storage,满足系统持续运行要求,"Power smoothing
Stores and provides energy to the ALM",,"1) Loss of power smoothing capability
2) Reduction in power production to HECO grid connection limit 500kW. No power smoothing results in reduced average power production  
3) Reduced damping due to power limit",1,Faulted Energy Storage,Improper installation or manufacturing defect results in failure,5,2,none,SCADA Diagnostics；Manual in-situ inspection and repair,StingRAY/SR-RR-0300 Electric Plant PD v3.0 07-25-2016.xlsx
Electric Plant,Energy Storage,满足系统持续运行要求,"Power smoothing
Stores and provides energy to the ALM",,"1) Loss of power smoothing capability
2) Reduction in power production to HECO grid connection limit 500kW. No power smoothing results in reduced average power production  
3) Reduced damping due to power limit",1,Faulted Energy Storage,Vibration and/or motion induced failure,6,2,none,SCADA Diagnostics；Manual in-situ inspection and repair,StingRAY/SR-RR-0300 Electric Plant PD v3.0 07-25-2016.xlsx
Electric Plant,Energy Storage,满足系统持续运行要求,"Power smoothing
Stores and provides energy to the ALM",,"1) Loss of power smoothing capability
2) Reduction in power production to HECO grid connection limit 500kW. No power smoothing results in reduced average power production  
3) Reduced damping due to power limit",1,Faulted Energy Storage,"Water induced failure 
(non-corrosion)",4,2,"1) SCADA diagnostics 
2) Visual inspection",SCADA Diagnostics；Manual in-situ inspection and repair,StingRAY/SR-RR-0300 Electric Plant PD v3.0 07-25-2016.xlsx
Electric Plant,Energy Storage,满足系统持续运行要求,"Power smoothing
Stores and provides energy to the ALM",,"1) Electrically isolate enclosures with smoke/fire
2) Automatic fire suppression activated in enclosure by presence of fire/heat
3) Loss of power smoothing capability
4) Reduction in power production to HECO grid connection limit 500kW. No power smoothing results in reduced average power production  
5) Reduced damping due to power limit",1,Fire/smoke,Electrical short fault leads to smoke/fire,7,2,"1) Safety & Emergency systems smoke alarm - isolate before fire breaks out
2) SCADA diagnostics 
3) Surveillance - visual inspection",SCADA Diagnostics；Manual in-situ inspection and repair  - dry dock repair is damage is extensive,StingRAY/SR-RR-0300 Electric Plant PD v3.0 07-25-2016.xlsx
Electric Plant,ALM+AIM grid interface,满足系统持续运行要求,Controls level and quality of power delivered to the grid,,"1) Electrically isolate the ALM+AIM from dc bus 
2) Power to grid  reduced to one ALM, half capacity (e.g. 300kW)
2) Loss of power generation 
3)Adverse effect in heavy wave climate",1,Failed ALM+AIM grid interface,Corrosion induced failure short circuit,7,2,1) Visual inspection,SCADA Diagnostics；Manual in-situ inspection and repair,StingRAY/SR-RR-0300 Electric Plant PD v3.0 07-25-2016.xlsx
Electric Plant,ALM+AIM grid interface,满足系统持续运行要求,Controls level and quality of power delivered to the grid,,"1) Electrically isolate the ALM+AIM from dc bus 
2) Power to grid  reduced to one ALM, half capacity (e.g. 300kW)
2) Loss of power generation 
3)Adverse effect in heavy wave climate",1,Failed ALM+AIM grid interface,Improper installation or manufacturing defect results in failure,5,2,none,SCADA Diagnostics；Manual in-situ inspection and repair,StingRAY/SR-RR-0300 Electric Plant PD v3.0 07-25-2016.xlsx
Electric Plant,ALM+AIM grid interface,满足系统持续运行要求,Controls level and quality of power delivered to the grid,,"1) Electrically isolate the ALM+AIM from dc bus 
2) Power to grid  reduced to one ALM, half capacity (e.g. 300kW)
2) Loss of power generation 
3)Adverse effect in heavy wave climate",1,Failed ALM+AIM grid interface,Vibration and/or motion induced failure,6,2,none,SCADA Diagnostics；Manual in-situ inspection and repair,StingRAY/SR-RR-0300 Electric Plant PD v3.0 07-25-2016.xlsx
Electric Plant,ALM+AIM grid interface,满足系统持续运行要求,Controls level and quality of power delivered to the grid,,"1) Electrically isolate the ALM+AIM from dc bus 
2) Power to grid  reduced to one ALM, half capacity (e.g. 300kW)
2) Loss of power generation 
3)Adverse effect in heavy wave climate",1,Failed ALM+AIM grid interface,"Water induced failure 
(non-corrosion)",6,2,"1) SCADA diagnostics 
2) Visual inspection",SCADA Diagnostics；Manual in-situ inspection and repair,StingRAY/SR-RR-0300 Electric Plant PD v3.0 07-25-2016.xlsx
Electric Plant,"ALM+AIM grid interface
Enclosure",满足系统持续运行要求,Controls level and quality of power delivered to the grid,,"1) Electrically isolate enclosures with smoke/fire
2) Automatic fire suppression activated in enclosure by presence of fire/heat
3) Loss of power generation
4) Adverse effect in heavy wave climate",1,Fire/smoke,Electrical short fault leads to smoke/fire,5,2,"1) Safety & Emergency systems smoke alarm - isolate before fire breaks out
2) SCADA diagnostics 
3) Surveillance  - visual inspection","1) Enclosure fire alarm
2) Enclosure temperature
3) Visible and IR camera；Dry dock repair",StingRAY/SR-RR-0300 Electric Plant PD v3.0 07-25-2016.xlsx
Electric Plant,MV Transformer,满足系统持续运行要求,Transforms AC power from 480V to 11.5kV for utility grid connection,,"1) Electrically isolate transformer 
2) Loss of grid connection
3) Reduction in power production to station power level
4) Islanding mode
5) Significant reduction in damping",1,Failed MV Transformer,Corrosion induced failure short circuit,6,2,1) Visual inspection,SCADA Diagnostics；Dry dock repair,StingRAY/SR-RR-0300 Electric Plant PD v3.0 07-25-2016.xlsx
Electric Plant,MV Transformer,满足系统持续运行要求,Transforms AC power from 480V to 11.5kV for utility grid connection,,"1) Electrically isolate transformer 
2) Loss of grid connection
3) Reduction in power production to station power level
4) Islanding mode
5) Significant reduction in damping",1,Failed MV Transformer,Improper installation or manufacturing defect results in failure,4,2,none,SCADA Diagnostics；Dry dock repair,StingRAY/SR-RR-0300 Electric Plant PD v3.0 07-25-2016.xlsx
Electric Plant,MV Transformer,满足系统持续运行要求,Transforms AC power from 480V to 11.5kV for utility grid connection,,"1) Electrically isolate transformer 
2) Loss of grid connection
3) Reduction in power production to station power level
4) Islanding mode
5) Significant reduction in damping",1,Failed MV Transformer,Vibration and/or motion induced failure,4,2,none,SCADA Diagnostics；Dry dock repair,StingRAY/SR-RR-0300 Electric Plant PD v3.0 07-25-2016.xlsx
Electric Plant,MV Transformer,满足系统持续运行要求,Transforms AC power from 480V to 11.5kV for utility grid connection,,"1) Electrically isolate transformer 
2) Loss of grid connection
3) Reduction in power production to station power level
4) Islanding mode
5) Significant reduction in damping",1,Failed MV Transformer,Water induced failure (non-corrosion),4,2,"1) SCADA diagnostics 
2) Visual inspection",SCADA Diagnostics；Dry dock repair,StingRAY/SR-RR-0300 Electric Plant PD v3.0 07-25-2016.xlsx
Electric Plant,MV Transformer Enclosure,满足系统持续运行要求,Transforms AC power from 480V to 11.5kV for utility grid connection,,"1) Electrically isolate transformer 
2) Loss of grid connection
3) Reduction in power production to station power level
4) Islanding mode
5) Significant reduction in damping
6) Automatic fire extinguisher",1,Fire/smoke,Electrical short (no water or corrosion),4,2,1) Fire/smoke alarm,"1) Enclosure fire alarm
2) Enclosure temperature
3) Visible and IR camera；Dry dock repair",StingRAY/SR-RR-0300 Electric Plant PD v3.0 07-25-2016.xlsx
Electric Plant,Umbilical Cable Connection (All MV equipment),满足系统持续运行要求,Medium voltage (11.5kV) connection from transformer to umbilical cable.,,"1) Disconnect from transformer
2) Disconnect from grid at shore 4) loss of grid connection
5) Reduction in power production to station power level
6) Islanding mode
7) Significant reduction in damping",1,Fault - short circuit,Corrosion induced failure short circuit,6,2,1) Visual inspection,"1) Grid connection breaker over-circuit trip
2) SCADA diagnostics；Manual in-situ repair and inspection",StingRAY/SR-RR-0300 Electric Plant PD v3.0 07-25-2016.xlsx
Electric Plant,Umbilical Cable Connection (All MV equipment),满足系统持续运行要求,Medium voltage (11.5kV) connection from transformer to umbilical cable.,,"1) Disconnect from transformer
2) Disconnect from grid at shore 4) loss of grid connection
5) Reduction in power production to station power level
6) Islanding mode
7) Significant reduction in damping",1,Fault - short circuit,Improper installation or manufacturing defect results in failure,5,2,1) V&V (QC) during manufacturing and assembly,"1) Grid connection breaker over-circuit trip
2) SCADA diagnostics；Manual in-situ repair and inspection",StingRAY/SR-RR-0300 Electric Plant PD v3.0 07-25-2016.xlsx
Electric Plant,Umbilical Cable Connection (All MV equipment),满足系统持续运行要求,Medium voltage (11.5kV) connection from transformer to umbilical cable.,,"1) Disconnect from transformer
2) Disconnect from grid at shore 4) loss of grid connection
5) Reduction in power production to station power level
6) Islanding mode
7) Significant reduction in damping",1,Fault - short circuit,Vibration and/or motion induced failure,5,2,1) Visual inspection,"1) Grid connection breaker over-circuit trip
2) SCADA diagnostics；Manual in-situ repair and inspection",StingRAY/SR-RR-0300 Electric Plant PD v3.0 07-25-2016.xlsx
Electric Plant,Umbilical Cable Connection (All MV equipment),满足系统持续运行要求,Medium voltage (11.5kV) connection from transformer to umbilical cable.,,"1) Disconnect from transformer
2) Disconnect from grid at shore 4) loss of grid connection
5) Reduction in power production to station power level
6) Islanding mode
7) Significant reduction in damping",1,Fault - short circuit,Water induced failure (non-corrosion),6,2,1) Visual inspection,"1) Grid connection breaker over-circuit trip
2) SCADA diagnostics；Manual in-situ repair and inspection",StingRAY/SR-RR-0300 Electric Plant PD v3.0 07-25-2016.xlsx
Electric Plant,Umbilical Cable Connection (All MV equipment),满足系统持续运行要求,Medium voltage (11.5kV) connection from transformer to umbilical cable.,,"1) Disconnect from transformer
2) Disconnect from grid at shore 4) loss of grid connection
5) Reduction in power production to station power level
6) Islanding mode
7) Significant reduction in damping
8)Automatic fire extinguisher",1,Fire/smoke,Electrical short (no water or corrosion),4,2,1) Visual inspections,"1) Enclosure fire alarm
2) Enclosure temperature
3) Visible and IR camera；Dry dock repair - pending investigation by service vessel.",StingRAY/SR-RR-0300 Electric Plant PD v3.0 07-25-2016.xlsx
Electric Plant,Emergency Resistor,满足系统持续运行要求,Load for burning power in case of DC bus overvoltage during a loss of grid,,"1) Disconnect from resistor
2) Disconnect all stators from MoMo
3) Open DC cross-connection
4) Free wheeling
5) reduced controlled shut-down speed",1,"Following a Loss of grid
1) Huge waves
2) Over-voltage 
3) Resistor fault - short circuit",Corrosion induced failure short circuit,7,2,1) Visual inspection,"1) Emergency resistors over-current breaker trip - open
2) SCADA diagnostics
 - loss of grid
 - DC bus voltage；Manual in-situ repair and inspection",StingRAY/SR-RR-0300 Electric Plant PD v3.0 07-25-2016.xlsx
Electric Plant,Emergency Resistor,满足系统持续运行要求,Load for burning power in case of DC bus overvoltage during a loss of grid,,"1) Disconnect from resistor
2) Disconnect all stators from MoMo
3) Open DC cross-connection
4) Free wheeling
5) reduced controlled shut-down speed",1,"Following a Loss of grid
1) Huge waves
2) Over-voltage 
3) Resistor fault - short circuit",Improper installation or manufacturing defect results in failure,4,2,1) Visual inspection,"1) Emergency resistors over-current breaker trip - open
2) SCADA diagnostics
 - loss of grid
 - DC bus voltage；Manual in-situ repair and inspection",StingRAY/SR-RR-0300 Electric Plant PD v3.0 07-25-2016.xlsx
Electric Plant,Emergency Resistor,满足系统持续运行要求,Load for burning power in case of DC bus overvoltage during a loss of grid,,"1) Disconnect from resistor
2) Disconnect all stators from MoMo
3) Open DC cross-connection
4) Free wheeling
5) reduced controlled shut-down speed",1,"Following a Loss of grid
1) Huge waves
2) Over-voltage 
3) Resistor fault - short circuit",Vibration and/or motion induced failure,4,2,1) Visual inspection,"1) Emergency resistors over-current breaker trip - open
2) SCADA diagnostics
 - loss of grid
 - DC bus voltage；Manual in-situ repair and inspection",StingRAY/SR-RR-0300 Electric Plant PD v3.0 07-25-2016.xlsx
Electric Plant,Emergency Resistor,满足系统持续运行要求,Load for burning power in case of DC bus overvoltage during a loss of grid,,"1) Disconnect from resistor
2) Disconnect all stators from MoMo
3) Open DC cross-connection
4) Free wheeling
5) reduced controlled shut-down speed",1,"Following a Loss of grid
1) Huge waves
2) Over-voltage 
3) Resistor fault - short circuit",Water induced failure (non-corrosion),4,2,1) Visual inspection,"1) Emergency resistors over-current breaker trip - open
2) SCADA diagnostics
 - loss of grid
 - DC bus voltage；Manual in-situ repair and inspection",StingRAY/SR-RR-0300 Electric Plant PD v3.0 07-25-2016.xlsx
Electric Plant,Emergency Resistor,满足系统持续运行要求,Load for burning power in case of DC bus overvoltage during a loss of grid,,"1) Disconnect from resistor
2) Disconnect all stators from MoMo
3) Open DC cross-connection
4) Free wheeling
5) reduced controlled shut-down speed",1,"Following a Loss of grid
1) Huge waves
2) Over-voltage 
3) Resistor fault - short circuit",Electrical short (no water or corrosion),3,2,"1) Fire/smoke alarm
2) High temperature alarm on emergency resistors","1) Emergency resistors over-current breaker trip - open
2) SCADA diagnostics
 - loss of grid
 - DC bus voltage；Manual in-situ repair and inspection",StingRAY/SR-RR-0300 Electric Plant PD v3.0 07-25-2016.xlsx
Electric Plant,"Switch Gear - MV breaker, transformer",满足系统持续运行要求,Make/Break MV connection to grid,,"1) loss of grid connection
2) Reduction in power production to station power level
3) Islanding mode
4) Significant reduction in damping",1,Fault - open circuit,Electrical fault,5,2,none,1) SCADA Diagnostics；Manual in-situ repair and inspection,StingRAY/SR-RR-0300 Electric Plant PD v3.0 07-25-2016.xlsx
Electric Plant,"Switch Gear - LV breaker, transformer",满足系统持续运行要求,Make/Break 480vac connection to electric plant,,"1) loss of grid connection
2) Reduction in power production to station power level
3) Islanding mode
4) Significant reduction in damping",1,Fault - open circuit,Electrical short,5,2,none,1) SCADA Diagnostics；Manual in-situ repair and inspection,StingRAY/SR-RR-0300 Electric Plant PD v3.0 07-25-2016.xlsx
Electric Plant,Switch Gear - Fwd /Aft ALM breaker,满足系统持续运行要求,Make/Break fwd ALM 480vac connection to transformer,,1) Reduction in peak power to grid limit,1,Fault - open circuit,Electrical short,5,2,none,1) SCADA Diagnostics；Manual in-situ repair and inspection,StingRAY/SR-RR-0300 Electric Plant PD v3.0 07-25-2016.xlsx
Electric Plant,Switch Gear - DC cross-connection breaker 1,满足系统持续运行要求,Make/Break DC bus cross connection,,1) Change in operation power flow,1,Fault - open circuit,Electrical short,5,2,none,1) SCADA Diagnostics；Manual in-situ repair and inspection,StingRAY/SR-RR-0300 Electric Plant PD v3.0 07-25-2016.xlsx
Electric Plant,"Switch Gear - DC energy storage breaker ,  1 & 2",满足系统持续运行要求,Make/Break fwd DC bus to energy storage connection,,"1) Reduction in power smoothing, possible reduction in  power to grid",1,Fault - open circuit,Electrical short,5,2,none,1) SCADA Diagnostics；Manual in-situ repair and inspection,StingRAY/SR-RR-0300 Electric Plant PD v3.0 07-25-2016.xlsx
Electric Plant,"Switch Gear - DC energy storage breaker ,  1 & 2",满足系统持续运行要求,Make/Break fwd DC bus to energy storage connection,,"1) Loss of all power smoothing
2) Reduction is power to grid
3) Reduced damping or active power burn",1,"Fault - open circuit, both energy storage system breakers open",Electrical short,5,2,none,1) SCADA Diagnostics；Manual in-situ repair and inspection,StingRAY/SR-RR-0300 Electric Plant PD v3.0 07-25-2016.xlsx
Electric Plant,M2G Enclosures,满足系统持续运行要求,Provide applicable IEC IP rating,,"1) Free-wheeling one PTO
2) Electrical isolation of port/strd M2G systems
3) Automatic fire extinguisher",3,Fire/smoke,Electrical short,5,2,none,1) SCADA Diagnostics；Dry dock repair - pending investigation by service vessel.,StingRAY/SR-RR-0300 Electric Plant PD v3.0 07-25-2016.xlsx
SCADA,SCADA components,满足系统持续运行要求,Control and data collection,,"1) Power loss due to short 
2) Damage to SCADA system",1,Fire/smoke,Electrical short or internal component failure,5,2,1) Fire/smoke alarm,"1) Enclosure fire alarm
2) Enclosure temperature
3) Visible and IR camera；Manual in-situ repair and inspection",StingRAY/SR-RR-0400 SCADA PD v3.0 07-25-2016.xlsx
SCADA,Single PTO tape scale encoder,满足系统持续运行要求,Provide position feedback to drives,,"1) Single encoder fail
2) Loss of position feedback",1,Signal failure,"Wiring Issue
- unknown internal fault
- unknown poor solder joint
- wire chaffe due to improper routing",7,2,1) None,"1) Encoder data；Manual switch of encoders onboard
Programmatically selected encoders from internal system comparison.",StingRAY/SR-RR-0400 SCADA PD v3.0 07-25-2016.xlsx
SCADA,Single PTO tape scale encoder,满足系统持续运行要求,Provide position feedback to drives,,"1) Single encoder fail
2) Loss of position feedback",1,Signal failure,Corrosion induced failure,6,2,1) None,"1) Encoder data；Manual switch of encoders onboard
Programmatically selected encoders from internal system comparison.",StingRAY/SR-RR-0400 SCADA PD v3.0 07-25-2016.xlsx
SCADA,Single PTO tape scale encoder,满足系统持续运行要求,Provide position feedback to drives,,"1) Single encoder fail
2) Loss of position feedback",1,Signal failure,Contamination induced failure,7,2,1) None,"1) Encoder data；Manual switch of encoders onboard
Programmatically selected encoders from internal system comparison.",StingRAY/SR-RR-0400 SCADA PD v3.0 07-25-2016.xlsx
SCADA,Single PTO tape scale encoder,满足系统持续运行要求,Provide position feedback to drives,,"1) Single encoder fail
2) Loss of position feedback",1,Signal failure,Improper installation or manufacturing defect results in failure,7,2,1) None,"1) Encoder data；Manual switch of encoders onboard
Programmatically selected encoders from internal system comparison.",StingRAY/SR-RR-0400 SCADA PD v3.0 07-25-2016.xlsx
SCADA,Single PTO tape scale encoder,满足系统持续运行要求,Provide position feedback to drives,,"1) Single encoder fail
2) Loss of position feedback",1,Signal failure,Software / programming error during program revision.,5,2,1) None,"1) Encoder data；Manual switch of encoders onboard
Manual correction of software/programming error, onboard or remotely.",StingRAY/SR-RR-0400 SCADA PD v3.0 07-25-2016.xlsx
SCADA,Single PTO tape scale encoder,满足系统持续运行要求,Provide position feedback to drives,,"1) Single encoder fail
2) Loss of position feedback",1,Signal failure,Vibration and/or motion induced failure,7,2,1) None,"1) Encoder data；Manual switch of encoders onboard
Programmatically selected encoders from internal system comparison.",StingRAY/SR-RR-0400 SCADA PD v3.0 07-25-2016.xlsx
SCADA,Single PTO tape scale encoder,满足系统持续运行要求,Provide position feedback to drives,,"1) Single encoder fail
2) Loss of position feedback",1,Signal failure,"Water induced failure 
(non-corrosion)",7,2,1) None,"1) Encoder data；Manual switch of encoders onboard
Programmatically selected encoders from internal system comparison.",StingRAY/SR-RR-0400 SCADA PD v3.0 07-25-2016.xlsx
SCADA,Backups + 1  encoders failure,满足系统持续运行要求,Provide position feedback to drives,,"1) Incorrect signal - uncontrolled damping
2) No signal - freewheeling
3) Loss of position feedback",1,Encoder failure,All encoders failed for one PTO,4,2,1) None,1) Encoder data；Dry-dock required for repair.,StingRAY/SR-RR-0400 SCADA PD v3.0 07-25-2016.xlsx
SCADA,Encoder power from M2G,满足系统持续运行要求,Provide position feedback to drives,,1) All encoder fail for one PTO,1,Signal failure,Power failure to encoder,3,2,1) None,1) Encoder data；manual supply replacement,StingRAY/SR-RR-0400 SCADA PD v3.0 07-25-2016.xlsx
SCADA,Generator gap sensor,满足系统持续运行要求,Provides stator position w.r.t. the outer housing and rotor,,1) No gap data from failed sensor,1,Signal failure,"Hardware or wiring failure
- corrosion induced
- water induced
- contamination
- vibration",9,2,1) None,1) Gap sensor data lost；Dry-dock required for repair. Single failure tolerable.,StingRAY/SR-RR-0400 SCADA PD v3.0 07-25-2016.xlsx
SCADA,Torque rod load cell,满足系统持续运行要求,provides measured stator torque for one stator section,,1) No torque data from failed sensor,1,Signal failure,Hardware or wiring failure,8,2,1) None,1) Link bar data lost；Dry-dock required for repair. Single failure tolerable.,StingRAY/SR-RR-0400 SCADA PD v3.0 07-25-2016.xlsx
SCADA,Rail wheel load pin,满足系统持续运行要求,provides normal force on rail wheels for one stator section,,1) No load data from failed sensor,1,Signal failure,Hardware or wiring failure,8,2,1) None,1) Rail wheel load data lost；Dry-dock required for repair. Single failure tolerable,StingRAY/SR-RR-0400 SCADA PD v3.0 07-25-2016.xlsx
SCADA,Seal gap sensor,满足系统持续运行要求,Provides seal gap position,,1) No seal gap data from failed sensor,1,Signal failure,Hardware or wiring failure,9,2,1) None,1) Seal gap data lost；Dry-dock required for repair. Single failure tolerable,StingRAY/SR-RR-0400 SCADA PD v3.0 07-25-2016.xlsx
SCADA,Main/secondary bearing temperature,满足系统持续运行要求,Provides bearing temperatures,,1) No bearing temp data,1,Signal failure,Hardware or wiring failure,8,2,1) None,1) Bearing temp data lost；Dry-dock required for repair. Single failure tolerable,StingRAY/SR-RR-0400 SCADA PD v3.0 07-25-2016.xlsx
SCADA,SCADA enclosure temperature,满足系统持续运行要求,Provides SCADA enclosure temperatures,,1) No enclosure temperature,1,Signal failure,Hardware or wiring failure,8,2,1) None,1) SCADA enclosure data lost；Manual in-situ repair and inspection,StingRAY/SR-RR-0400 SCADA PD v3.0 07-25-2016.xlsx
SCADA,PTO module temperature,满足系统持续运行要求,Provides PTO structure temperatures,,1) No PTO structure temperature,1,Signal failure,Hardware or wiring failure,8,2,1) None,1) PTO structure temp data lost；Manual in-situ repair and inspection,StingRAY/SR-RR-0400 SCADA PD v3.0 07-25-2016.xlsx
SCADA,PTO module humidity,满足系统持续运行要求,Provides PTO structure humidity,,1) No PTO structure humidity,1,Signal failure,Hardware or wiring failure,8,2,1) None,1) PTO structure humidity data lost；Manual in-situ repair and inspection,StingRAY/SR-RR-0400 SCADA PD v3.0 07-25-2016.xlsx
SCADA,Control room temperature,满足系统持续运行要求,Provides control room temperatures,,1) No control room temperature,1,Signal failure,Hardware or wiring failure,8,2,1) None,1) Control room temp data lost；Manual in-situ repair and inspection,StingRAY/SR-RR-0400 SCADA PD v3.0 07-25-2016.xlsx
SCADA,Control room humidity,满足系统持续运行要求,Provides control room structure humidity,,1) No control room humidity,1,Signal failure,Hardware or wiring failure,8,2,1) None,1) Control room humidity data lost；Manual in-situ repair and inspection,StingRAY/SR-RR-0400 SCADA PD v3.0 07-25-2016.xlsx
SCADA,Stator sensor temperatures,满足系统持续运行要求,Provides sensor temperatures,,1) No sensor temp data from failed sensor,1,Signal failure,Hardware or wiring failure,8,2,1) None,1) Sensor temp data lost；Dry-dock required for repair. Single failure tolerable,StingRAY/SR-RR-0400 SCADA PD v3.0 07-25-2016.xlsx
SCADA,Station power draw,满足系统持续运行要求,Provides station power draw,,1) No station power draw data,1,Signal failure,Hardware or wiring failure,8,2,1) None,1) Station power data lost；Manual in-situ repair and inspection,StingRAY/SR-RR-0400 SCADA PD v3.0 07-25-2016.xlsx
SCADA,Bilge water level,满足系统持续运行要求,Provide bilge water level,,1) No bilge water level data from failed sensor,1,Signal failure,Hardware or wiring failure,8,2,1) None,1) Bilge level data lost；Manual in-situ repair and inspection,StingRAY/SR-RR-0400 SCADA PD v3.0 07-25-2016.xlsx
SCADA,Bilge pump status,满足系统持续运行要求,Provides bilge pump status data,,1) No bilge pump status,1,Signal failure,Hardware or wiring failure,8,2,1) None,1) Comparison to float switch data；Manual in-situ repair and inspection,StingRAY/SR-RR-0400 SCADA PD v3.0 07-25-2016.xlsx
SCADA,"Cooling temp, pressure, flow sensor",满足系统持续运行要求,Provides cooling data,,1) No cooling data from failed sensor,1,Signal failure,Hardware or wiring failure,8,2,1) None,1) Cooling parameter data lost；Manual in-situ repair and inspection,StingRAY/SR-RR-0400 SCADA PD v3.0 07-25-2016.xlsx
SCADA,Fibber optic strain measurement,满足系统持续运行要求,Provides strain data,,1) No strain data from failed sensor,1,Signal failure,Hardware or wiring failure,8,2,1) None,"1) Strain data lost；1) Interrogator repairable in-situ
2) Single failure tolerable for strain gauge array requires dry dock repair",StingRAY/SR-RR-0400 SCADA PD v3.0 07-25-2016.xlsx
SCADA,Inertial measurement unit (IMU),满足系统持续运行要求,Provides nacelle body motion data,,1) No motion data from failed sensor,1,Signal failure,Hardware or wiring failure,8,2,1) None,1) IMU data lost；Manual in-situ repair and inspection,StingRAY/SR-RR-0400 SCADA PD v3.0 07-25-2016.xlsx
SCADA,Communication with M2G,满足系统持续运行要求,Communicates all M2G data and PTO control commands,,"1) No M2G data
2) PTO goes to default control mode in absence of SCADA communication",1,Signal failure,Hardware or wiring failure,7,2,1) None,"1) M2G data lost
2) PTO control not responding；Manual in-situ repair and inspection",StingRAY/SR-RR-0400 SCADA PD v3.0 07-25-2016.xlsx
SCADA,Real-time AWAC/ADV connection,满足系统持续运行要求,Provide real-time AWAC data,,1) No AWAC data available,1,Signal failure,Hardware or wiring failure,8,2,1) None,1) No AWAC data available in real-time；Manual in-situ repair and inspection,StingRAY/SR-RR-0400 SCADA PD v3.0 07-25-2016.xlsx
SCADA,Anemometer,满足系统持续运行要求,Provide wind speed and direction,,1) No WEC wind data,1,Signal failure,Hardware or wiring failure,9,2,1) None,1) Wind data lost；Manual in-situ repair and inspection,StingRAY/SR-RR-0400 SCADA PD v3.0 07-25-2016.xlsx
SCADA,GPS & heading sensor,满足系统持续运行要求,Provide GPS position and heading,,1) No GPS position or heading data  from failed sensor,1,Signal failure,Hardware or wiring failure,8,2,1) None,1) GPS & heading data lost；Manual in-situ repair and inspection,StingRAY/SR-RR-0400 SCADA PD v3.0 07-25-2016.xlsx
SCADA,Mooring load cell,满足系统持续运行要求,Provide mooring load data,,1) No mooring tension from failed sensor,1,Signal failure,Hardware or wiring failure,9,2,1) Inspection,1) Mooring data lost；Manual in-situ repair and inspection,StingRAY/SR-RR-0400 SCADA PD v3.0 07-25-2016.xlsx
SCADA,Power supply,满足系统持续运行要求,Provide power to SCADA,,"1) No SCADA data
2) PTO goes to defaul control mode
3) Cooling controlers go to default control mode",1,SCADA offline,"Power supply failure
- corrosion induced
- vibration or motion induced
- water induced",7,2,1) Status of individual PS,1) No SCADA；Manual in-situ repair and inspection,StingRAY/SR-RR-0400 SCADA PD v3.0 07-25-2016.xlsx
SCADA,Vibration accelerometer,满足系统持续运行要求,Provide vibration data,,1) No vibration data from failed sensor,1,Signal failure,Hardware or wiring failure,8,2,1) None,1) Data lost；Manual in-situ repair and inspection on most locations,StingRAY/SR-RR-0400 SCADA PD v3.0 07-25-2016.xlsx
SCADA,PLC,满足系统持续运行要求,Issue cooling commands,,"1) PTO command failure
2) Cooling system command failure
3) Alarming failure",1,PLC Failure,Corrosion induced failure short circuit,5,2,"1) Visual inspection
2) Fault detection of primary PLC","1) Primary PLC torque command
2) Primary PLC cooling command；Manual in-situ repair and inspection",StingRAY/SR-RR-0400 SCADA PD v3.0 07-25-2016.xlsx
SCADA,PLC,满足系统持续运行要求,Issue cooling commands,,"1) PTO command failure
2) Cooling system command failure
3) Alarming failure",1,PLC Failure,Improper installation or manufacturing defect results in failure,5,2,1) Fault detection of primary PLC,"1) Primary PLC torque command
2) Primary PLC cooling command；Manual in-situ repair and inspection",StingRAY/SR-RR-0400 SCADA PD v3.0 07-25-2016.xlsx
SCADA,PLC,满足系统持续运行要求,Issue PTO commands,,"1) PTO command failure
2) Cooling system command failure
3) Alarming failure",1,PLC Failure,Vibration and/or motion induced failure,7,2,1) Fault detection of primary PLC,"1) Primary PLC torque command
2) Primary PLC cooling command；Manual in-situ repair and inspection",StingRAY/SR-RR-0400 SCADA PD v3.0 07-25-2016.xlsx
SCADA,PLC,满足系统持续运行要求,Issue PTO commands,,"1) PTO command failure
2) Cooling system command failure
3) Alarming failure",1,PLC Failure,"Water induced failure 
(non-corrosion)",5,2,"1) Visual inspection
2) Fault detection of primary PLC","1) Primary PLC torque command
2) Primary PLC cooling command；Manual in-situ repair and inspection",StingRAY/SR-RR-0400 SCADA PD v3.0 07-25-2016.xlsx
SCADA,Server PC,满足系统持续运行要求,Issue cooling commands,,"1) Data collection failure
2) HMI visualization failure
3) Alarm reporting failure",1,PC Failure,Corrosion induced failure short circuit,5,2,"1) Visual inspection
2) Fault detection of primary SCADA","1) No primary data collection
2) Primary HMI unavailable；Manual in-situ repair and inspection",StingRAY/SR-RR-0400 SCADA PD v3.0 07-25-2016.xlsx
SCADA,Server PC,满足系统持续运行要求,Issue cooling commands,,"1) Data collection failure
2) HMI visualization failure
3) Alarm reporting failure",1,PC Failure,Improper installation or manufacturing defect results in failure,4,2,1) Fault detection of primary SCADA,"1) No primary data collection
2) Primary HMI unavailable；Manual in-situ repair and inspection",StingRAY/SR-RR-0400 SCADA PD v3.0 07-25-2016.xlsx
SCADA,Server PC,满足系统持续运行要求,Issue PTO commands,,"1) Data collection failure
2) HMI visualization failure
3) Alarm reporting failure",1,PC Failure,Vibration and/or motion induced failure,7,2,1) Fault detection of primary SCADA,"1) No primary data collection
2) Primary HMI unavailable；Manual in-situ repair and inspection",StingRAY/SR-RR-0400 SCADA PD v3.0 07-25-2016.xlsx
SCADA,Server PC,满足系统持续运行要求,Issue PTO commands,,"1) Data collection failure
2) HMI visualization failure
3) Alarm reporting failure",1,PC Failure,"Water induced failure 
(non-corrosion)",5,2,"1) Visual inspection
2) Fault detection of primary SCADA","1) No primary data collection
2) Primary HMI unavailable；Manual in-situ repair and inspection",StingRAY/SR-RR-0400 SCADA PD v3.0 07-25-2016.xlsx
SCADA,Cooling Command (generate and issue),满足系统持续运行要求,Issue cooling commands,,"1) Under cooling results in PTO shutdown
2) Overcooling wasted energy",1,"Over, under or no cooling command",Communication issue,6,2,1) Fault detection of primary SCADA,"1) Primary SCADA cooling command
2) Stator temperature(s) out of range；Manual in-situ repair and inspection",StingRAY/SR-RR-0400 SCADA PD v3.0 07-25-2016.xlsx
SCADA,Cooling Command (generate and issue),满足系统持续运行要求,Issue cooling commands,,"1) Under cooling results in PTO shutdown
2) Overcooling wasted energy",1,"Over, under or no cooling command",Software / programming error,6,2,,"1) Manual check on commissioning
2) Primary SCADA cooling command
3) Stator temperature(s) out of range；Remote programming repair",StingRAY/SR-RR-0400 SCADA PD v3.0 07-25-2016.xlsx
SCADA,PTO Command,满足系统持续运行要求,Issue PTO commands,,"1) High/erratic torque on PTO
2) WEC pitch effected
3) Generator performance affected
4) Potential motoring losses
5) Deviation from control plan",1,SCADA torque command excessive or uncontrolled,Communication issue,6,2,1) Fault detection of primary SCADA,1) Primary SCADA torque command；Manual in-situ repair and inspection,StingRAY/SR-RR-0400 SCADA PD v3.0 07-25-2016.xlsx
SCADA,PTO Command,满足系统持续运行要求,Issue PTO commands,,"1) High/erratic torque on PTO
2) WEC pitch effected
3) Generator performance affected
4) Potential motoring losses
5) Deviation from control plan",1,SCADA torque command excessive or uncontrolled,Software / programming error,6,2,1) None,"1) Torque command
2) Simotion current output
3) Simotion torque output
4) Stator load cell output；Remote programming repair",StingRAY/SR-RR-0400 SCADA PD v3.0 07-25-2016.xlsx
SCADA,PTO Command,满足系统持续运行要求,Issue PTO commands,,"1) Simotion controller takes over torque command
2) Deviation from control plan",1,SCADA torque command not issued,Communication issue,6,2,1) Fault detection of primary SCADA,1) Primary SCADA torque command；Manual in-situ repair and inspection,StingRAY/SR-RR-0400 SCADA PD v3.0 07-25-2016.xlsx
SCADA,PTO Command,满足系统持续运行要求,Issue PTO commands,,"1) Simotion controller takes over torque command
2) Deviation from control plan",1,SCADA torque command not issued,Software / programming error,6,2,1) Fault detection of primary SCADA,"1) Manual check on commissioning
2) Primary SCADA torque command；Remote programming repair",StingRAY/SR-RR-0400 SCADA PD v3.0 07-25-2016.xlsx
Ballast Control,"Ballast Control
check valves",满足系统持续运行要求,Facilitate ballasting and deballasting of water ballast,,1) WEC cannot be ballasted/deballasted for tow,1,Broken check valve,corrosion,6,2,,Ballast tanks not filling or emptying；Valve replacement,StingRAY/SR-RR-0510 Ballast Control PD v3.0 07-25-2016.xlsx
Ballast Control,"Ballast Control
check valves",满足系统持续运行要求,Facilitate ballasting and deballasting of water ballast,,1) WEC cannot be ballasted/deballasted for tow,1,Broken check valve,manufacturing defect,6,2,,Ballast tanks not filling or emptying；Valve replacement,StingRAY/SR-RR-0510 Ballast Control PD v3.0 07-25-2016.xlsx
Ballast Control,"Ballast Control
check valves",满足系统持续运行要求,Facilitate ballasting and deballasting of water ballast,,1) WEC cannot be ballasted/deballasted for tow,1,Broken check valve,improper installation,3,2,,Ballast tanks not filling or emptying；Valve replacement,StingRAY/SR-RR-0510 Ballast Control PD v3.0 07-25-2016.xlsx
Ballast Control,"Ballast Control
Lines",满足系统持续运行要求,Facilitate ballasting and deballasting of water ballast,,1) WEC cannot be ballasted/deballasted for tow,1,Minor line damage,corrosion,6,2,,Ballast tanks not filling or emptying；Line repair,StingRAY/SR-RR-0510 Ballast Control PD v3.0 07-25-2016.xlsx
Ballast Control,"Ballast Control
Lines",满足系统持续运行要求,Facilitate ballasting and deballasting of water ballast,,1) WEC cannot be ballasted/deballasted for tow,1,Minor line damage,manufacturing defect,6,2,,Ballast tanks not filling or emptying；Line repair,StingRAY/SR-RR-0510 Ballast Control PD v3.0 07-25-2016.xlsx
Ballast Control,"Ballast Control
Lines",满足系统持续运行要求,Facilitate ballasting and deballasting of water ballast,,1) WEC cannot be ballasted/deballasted for tow,1,Minor line damage,improper installation,3,2,,Ballast tanks not filling or emptying；Line repair,StingRAY/SR-RR-0510 Ballast Control PD v3.0 07-25-2016.xlsx
Ballast Control,"Ballast Control
Lines",满足系统持续运行要求,Facilitate ballasting and deballasting of water ballast,,1) WEC cannot be ballasted/deballasted for tow,1,Major line damage,corrosion,5,2,,Ballast tanks not filling or emptying；Use of external buoyancy required for towing operations,StingRAY/SR-RR-0510 Ballast Control PD v3.0 07-25-2016.xlsx
Ballast Control,"Ballast Control
Lines",满足系统持续运行要求,Facilitate ballasting and deballasting of water ballast,,1) WEC cannot be ballasted/deballasted for tow,1,Major line damage,manufacturing defect,5,2,,Ballast tanks not filling or emptying；Use of external buoyancy required for towing operations,StingRAY/SR-RR-0510 Ballast Control PD v3.0 07-25-2016.xlsx
Ballast Control,"Ballast Control
Lines",满足系统持续运行要求,Facilitate ballasting and deballasting of water ballast,,1) WEC cannot be ballasted/deballasted for tow,1,Major line damage,improper installation,3,2,,Ballast tanks not filling or emptying；Use of external buoyancy required for towing operations,StingRAY/SR-RR-0510 Ballast Control PD v3.0 07-25-2016.xlsx
Safety & Emergencys,Fire Protection - Automatic Fire Suppression,满足系统持续运行要求,Automatic Fire Suppression System - Carbon dioxide CO2 - put out fires in electrical enclosures,,1) Enclosures filled with fire suppression CO2.,4,Automatic suppression activated without a fire,1) Defect in pressurized CO2 line routed through the enclosures,4,2,1) Visual inspection,"1) SCADA - fire & fire spreading
2) Visual - fire；1) Repair in-situ repair if possible. 
2) dry dock",StingRAY/SR-RR-0520 Safety PD v3.0 07-25-2016.xlsx
Safety & Emergencys,"Fire Protection - 
smoke alarms",满足系统持续运行要求,Alarms in case of smoke in enclosures & compartments,,false fire alarm activated.,2,False alarm,Sensor defect/contamination,4,2,1) Visual inspection,"1) SCADA - fire & fire spreading
2) Visual - fire；1) Repair in-situ repair if possible. 
2) dry dock",StingRAY/SR-RR-0520 Safety PD v3.0 07-25-2016.xlsx
Safety & Emergencys,Flooding Alarms,满足系统持续运行要求,Monitor high bilge level sensor and alarm if reached.,,No alarm while bilge pumps running continuously,5,No high water alarm,Faulty wiring/moisture induced failure,4,2,1) Visual inspection,"1) Bilge pump running continuously
2) Surveillance system – visual inspection；1) Repair in-situ repair if possible. 
2) dry dock",StingRAY/SR-RR-0520 Safety PD v3.0 07-25-2016.xlsx
Safety & Emergencys,Evacuation Alarms,满足系统持续运行要求,"Sound and flashing lights in case of fire, flooding, collision, or other operator iniated evacuation alarm.",,Personnel not properly warned in case of an emergency,5,"No alarm/lights in one of compartments:
 - topside
 - control room
 - Both PTOs
 - Nacelle tube",Faulty wiring/moisture induced failure,4,2,1) Visual inspection,"1) Maintenance inspection；1) Repair in-situ repair if possible. 
2) dry dock",StingRAY/SR-RR-0520 Safety PD v3.0 07-25-2016.xlsx
Safety & Emergencys,Air Quality Monitoring,满足系统持续运行要求,"Monitor air quality in all compartments. Report air qaulity to SCADA, initiate alarm if outside of specified levels of O2, CO2, H2O etc.",,Requires ventilation and manual air quality monitoring for access/egress until sensor is replaced.,6,"Loss of air quality monitoring of one of the compartments:
 - topside
 - control room
 - Both PTOs
 - Nacelle tube",Faulty wiring/moisture induced failure,4,2,1) Visual inspection,"1) Emergency system control diagnostics - sensor fault alarm；1) Repair in-situ repair if possible. 
2) dry dock",StingRAY/SR-RR-0520 Safety PD v3.0 07-25-2016.xlsx
Safety & Emergencys,Access Alarms,满足系统持续运行要求,Monitor hatch acccess sensors and alarm based on SCADA operational setting.  Indicate hatch status,,Hatch indicates open while closed,4,"Failed OPEN, hatch sensor inducates false open",Faulty wiring/moisture induced failure,5,2,1) Visual inspection,"1) Emergency system control diagnostics - sensor fault alarm；1) Repair in-situ repair if possible. 
2) dry dock",StingRAY/SR-RR-0520 Safety PD v3.0 07-25-2016.xlsx
Safety & Emergencys,Systems - Estop Monitoring,满足系统持续运行要求,Monitor Estop circuits and alarm if the safety interlocks are broken,,E-stop alarm without E-stop,7,"E-stop fails OPEN, false e-stop indicated",Faulty wiring/moisture induced failure,4,2,1) Visual inspection,"1) Emergency system control diagnostics - sensor fault alarm；1) Repair in-situ repair if possible. 
2) dry dock",StingRAY/SR-RR-0520 Safety PD v3.0 07-25-2016.xlsx
Safety & Emergencys,Safety Controller,满足系统持续运行要求,Safety PLC monitor safety systems and provide control logic for alarms and data interface,,Alarms sound - false with alarm on (Automatic fire supression and bilge pumping still function without indication),4,Complete safety system monitoring loss,Faulty wiring/moisture induced failure,4,2,1) Visual inspection,"1) SCADA diagnositcs；1) Repair in-situ repair if possible. 
2) dry dock",StingRAY/SR-RR-0520 Safety PD v3.0 07-25-2016.xlsx
Safety & Emergencys,Safety Communications,满足系统持续运行要求,Communication components between safety PLC and designated fiber-optic line to shore.,,"Commincations alarm, communicatoins switch to SCADA channel back-up",4,Loss of designated communicatoins channel,Faulty wiring/moisture induced failure,4,2,1) Visual inspection,"1) Emergency system control diagnostics；1) Repair in-situ repair if possible. 
2) dry dock",StingRAY/SR-RR-0520 Safety PD v3.0 07-25-2016.xlsx
Climate Control,"Air conditioner/Air dryer, - dry control room",满足系统持续运行要求,Dry and maintain tempature in the dry control room,,"1) Over temperature - ambient temperature in dry control room
2) Shutdown of M2G loss of PTO",1,Fault - shutdown,electrical fault in air conditioner/air dryer unit,6,2,1) Visual Inspections,SCADA Diagnostics；In-situ repair,StingRAY/SR-RR-0530 Climate Control PD v3.0 07-25-2016.xlsx
Climate Control,"Air conditioner/Air dryer, - dry control room",满足系统持续运行要求,Dry and maintain tempature in the dry control room,,"1) Reduced cooling capability
2) Reduced M2G loading
3) Reduced damping PTO
4) Air quality - reduced",1,Slow leak - R134a refrigerant,Refrigerant leak,5,2,1) Visual Inspections,SCADA Diagnostics；In-situ repair,StingRAY/SR-RR-0530 Climate Control PD v3.0 07-25-2016.xlsx
Climate Control,"Air conditioner/Air dryer, - dry control room",满足系统持续运行要求,Dry and maintain tempature in the dry control room,,"1) loss of air conditioner
2) Smoke alarm
3) Automatic fire suppresion
4) Over temperature - ambient temperature in dry control room
5) Shutdown of PTO due to high temperature in control room",1,Fire/smoke,Refrigerant leak,5,2,1) Visual Inspections,"SCADA Diagnostics；1) In-situ inspection
2) Dry dock repair depending on extent of fire damage.",StingRAY/SR-RR-0530 Climate Control PD v3.0 07-25-2016.xlsx
Climate Control,Air dryer -PTO module,满足系统持续运行要求,"Reduce level of humidity, collect H20 in air and discharge to the bilge",,Increase in humidity if there is a source for moisture. Otherwise moisture content is will remain the same.  Most likely slow rise in moisture level over time.,1,Fault - shutdown,electrical fault,5,2,1) Visual Inspections,"SCADA Diagnostics
Air quality monitoring；In-situ repair",StingRAY/SR-RR-0530 Climate Control PD v3.0 07-25-2016.xlsx
Climate Control,Air dryer - ducting,满足系统持续运行要求,Distribute air inside compartments,,Improper distribution of air or improper suction of air,1,Mechanical failure/fatique lead to ducting disconnection,"fatigue, improper attachement",5,2,1) Visual Inspections,"1) Surveillance system
2) Visual Inspections；In-situ repair",StingRAY/SR-RR-0530 Climate Control PD v3.0 07-25-2016.xlsx
Station Power,480V to 120V transformer,满足系统持续运行要求,Step down voltage from 0300 electrica plant to provide station utility power for WEC,,"1) Breaker trip power off-line
2) ATB to (port or stbd) source for station power",1,Electrical fault,Corrosion induced failure short circuit,5,2,1) Visual inspection,SCADA Diagnostics；Manual in-situ inspection and repair,StingRAY/SR-RR-0540 Station Power PD v3.0 07-25-2016.xlsx
Station Power,480V to 120V transformer,满足系统持续运行要求,Step down voltage from 0300 electrica plant to provide station utility power for WEC,,"1) Breaker trip power off-line
2) ATB to (port or stbd) source for station power",1,Electrical fault,Improper installation or manufacturing defect results in failure,5,2,none,SCADA Diagnostics；Manual in-situ inspection and repair,StingRAY/SR-RR-0540 Station Power PD v3.0 07-25-2016.xlsx
Station Power,480V to 120V transformer,满足系统持续运行要求,Step down voltage from 0300 electrica plant to provide station utility power for WEC,,"1) Breaker trip power off-line
2) ATB to (port or stbd) source for station power",1,Electrical fault,"Water induced failure 
(non-corrosion)",5,2,"1) SCADA diagnostics 
2) Visual inspection",SCADA Diagnostics；Manual in-situ inspection and repair,StingRAY/SR-RR-0540 Station Power PD v3.0 07-25-2016.xlsx
Station Power,480V to 120V transformer,满足系统持续运行要求,Step down voltage from 0300 electrica plant to provide station utility power for WEC,,"1) Breaker trip power off-line
2) ATB to (port or stbd) source for station power",1,Electrical fault,Vibration and/or motion induced failure,5,2,none,SCADA Diagnostics；Manual in-situ inspection and repair,StingRAY/SR-RR-0540 Station Power PD v3.0 07-25-2016.xlsx
Station Power,480V to 120V transformer,满足系统持续运行要求,Step down voltage from 0300 electrica plant to provide station utility power for WEC,,"1) Breaker trip power off-line - electrically isolating transformer
2) ATB to (port or stbd) source for station power",1,Electrical fault - smoke/fire,Any of the above 1thru 4,5,2,1) Inspections,"1) Smoke alarms - reduce time to electrically isolate 
2) Over-current protection - for electrical isolation
3) Automatic fire suppression；Manual in-situ inspection and repair",StingRAY/SR-RR-0540 Station Power PD v3.0 07-25-2016.xlsx
Station Power,Switch Gear - Station power breaker,满足系统持续运行要求,Make/Break station power connection to 480vac bus,,1) Station power powered from other side port/stbd,1,Fault - open circuit,Corrosion induced failure short circuit,5,2,none,1) SCADA Diagnostics；Manual in-situ repair and inspection,StingRAY/SR-RR-0540 Station Power PD v3.0 07-25-2016.xlsx
Station Power,Switch Gear - Station power breaker,满足系统持续运行要求,Make/Break station power connection to 480vac bus,,"1) Loss of station power except for critical loads
2) Loss of Cooling and climate control
3) Reduced power until temperature limit
4) Temperature limit = Loss of all AC power",1,"Fault - station power,  both breakers fault open",Improper installation or manufacturing defect results in failure,5,2,none,1) SCADA Diagnostics；Manual in-situ repair and inspection,StingRAY/SR-RR-0540 Station Power PD v3.0 07-25-2016.xlsx
Station Power,Switch Gear - Station power breaker,满足系统持续运行要求,Make/Break station power connection to 480vac bus,,"1) Loss of station power except for critical loads
2) Loss of Cooling and climate control
3) Reduced power until temperature limit
4) Temperature limit = Loss of all AC power",1,"Fault - station power,  both breakers fault open","Water induced failure 
(non-corrosion)",5,2,none,1) SCADA Diagnostics；Manual in-situ repair and inspection,StingRAY/SR-RR-0540 Station Power PD v3.0 07-25-2016.xlsx
Station Power,Switch Gear - Station power breaker,满足系统持续运行要求,Make/Break station power connection to 480vac bus,,"1) Loss of station power except for critical loads
2) Loss of Cooling and climate control
3) Reduced power until temperature limit
4) Temperature limit = Loss of all AC power",1,"Fault - station power,  both breakers fault open",Vibration and/or motion induced failure,5,2,none,1) SCADA Diagnostics；Manual in-situ repair and inspection,StingRAY/SR-RR-0540 Station Power PD v3.0 07-25-2016.xlsx
Station Power,Switch Gear - Station power breaker,满足系统持续运行要求,Make/Break station power connection to 480vac bus,,"1) Loss of station power except for critical loads
2) Loss of Cooling and climate control
3) Reduced power until temperature limit
4) Temperature limit = Loss of all AC power",1,Electrical fault - smoke/fire,Any of the above 1thru 4,6,2,none,"1) Smoke alarms - reduce time to electrically isolate 
2) Over-current protection - for electrical isolation
3) Automatic fire suppression；Manual in-situ repair and inspection",StingRAY/SR-RR-0540 Station Power PD v3.0 07-25-2016.xlsx
Station Power,Power distribution to Auxiliary System,满足系统持续运行要求,distribute power to all auxiliary systems,,1) Loss of UPS,1,Electrical fault,"1) Corrosion induced failure short circuit
2) Water induced failure
3) Vibration induced failure
4) Improper installation",3,2,"1) SCADA diagnostics 
2) Visual inspection",1) SCADA Diagnostics；Manual in-situ repair and inspection,StingRAY/SR-RR-0540 Station Power PD v3.0 07-25-2016.xlsx
Station Power,Power distribution to Auxiliary System,满足系统持续运行要求,distribute power to all auxiliary systems,,1) Loss of UPS,1,Electrical fault - smoke/fire,"1) Corrosion induced failure short circuit
2) Water induced failure
3) Vibration induced failure
4) Improper installation",5,2,"1) SCADA diagnostics 
2) Visual inspection","1) Smoke alarms - reduce time to electrically isolate 
2) Over-current protection - for electrical isolation
3) Automatic fire suppression；Manual in-situ repair and inspection",StingRAY/SR-RR-0540 Station Power PD v3.0 07-25-2016.xlsx
Station Power,UPS system,满足系统持续运行要求,Provide battery back-up uninterruptible power to critical loads,,1) Loss of UPS,1,Electrical fault,"1) Corrosion induced failure short circuit
2) Water induced failure
3) Vibration induced failure
4) Improper installation",3,2,"1) SCADA diagnostics 
2) Visual inspection",1) SCADA Diagnostics；Manual in-situ repair and inspection,StingRAY/SR-RR-0540 Station Power PD v3.0 07-25-2016.xlsx
Station Power,UPS system,满足系统持续运行要求,Provide battery back-up uninterruptible power to critical loads,,"1) Loss of UPS
2) Loss of all WEC Power",1,Electrical fault - following a loss of all AC Power,"1) Corrosion induced failure short circuit
2) Water induced failure
3) Vibration induced failure
4) Improper installation",3,2,"1) SCADA diagnostics 
2) Visual inspection",1) SCADA Diagnostics；Manual in-situ repair and inspection,StingRAY/SR-RR-0540 Station Power PD v3.0 07-25-2016.xlsx
Station Power,UPS system,满足系统持续运行要求,Provide battery back-up uninterruptible power to critical loads,,"1) Loss of UPS
2) Loss of all WEC Power",1,Electrical fault - following a loss of all AC Power,"1) Corrosion induced failure short circuit
2) Water induced failure
3) Vibration induced failure
4) Improper installation",6,2,"1) SCADA diagnostics 
2) Visual inspection","1) Smoke alarms - reduce time to electrically isolate 
2) Over-current protection - for electrical isolation
3) Automatic fire suppression；Manual in-situ repair and inspection",StingRAY/SR-RR-0540 Station Power PD v3.0 07-25-2016.xlsx
Cooling,Cooling Pipes,满足系统持续运行要求,Contain coolant loop,,"1) Loss of PTO
2) Loss of AC power generation
3) bilge pumps run",1,Large coolant leak,Improper installation or manufacturing defect results in failure,6,2,"Moisture sensors
Inspections","SCADA Diagnostics
Bilge pumping；Manual in-situ inspection and repair",StingRAY/SR-RR-0560 Cooling System PD v3.0 07-25-2016.xlsx
Cooling,Cooling pumps,满足系统持续运行要求,Provide electric power to cooling pumps,,"1) Loss of PTO
2) Loss of AC power generation",1,Electrical Failure,Corrosion induced failure short circuit,6,2,1) Visual inspection,SCADA Diagnostics；Manual in-situ inspection and repair,StingRAY/SR-RR-0560 Cooling System PD v3.0 07-25-2016.xlsx
Cooling,Cooling pumps,满足系统持续运行要求,Provide electric power to cooling pumps,,"1) Loss of PTO
2) Loss of AC power generation",1,Electrical Failure,Improper installation or manufacturing defect results in failure,6,2,none,SCADA Diagnostics；Manual in-situ inspection and repair,StingRAY/SR-RR-0560 Cooling System PD v3.0 07-25-2016.xlsx
Cooling,Cooling pumps,满足系统持续运行要求,Provide electric power to cooling pumps,,"1) Loss of PTO
2) Loss of AC power generation",1,Electrical Failure,"Water induced failure 
(non-corrosion)",6,2,"1) SCADA diagnostics 
2) Visual inspection",SCADA Diagnostics；Manual in-situ inspection and repair,StingRAY/SR-RR-0560 Cooling System PD v3.0 07-25-2016.xlsx
Cooling,Cooling pumps,满足系统持续运行要求,Provide electric power to cooling pumps,,"1) Loss of PTO
2) Loss of AC power generation",1,Electrical Failure,Vibration and/or motion induced failure,6,2,none,SCADA Diagnostics；Manual in-situ inspection and repair,StingRAY/SR-RR-0560 Cooling System PD v3.0 07-25-2016.xlsx
Cooling,Cooling pumps,满足系统持续运行要求,Provide electric power to cooling pumps,,"1) Loss of PTO
2) Loss of AC power generation",1,Electrical Failure - smoke/fire,All of the faults 1 thru 4,6,2,none,"1) Smoke alarms - reduce time to electrically isolate 
2) Over-current protection - for electrical isolation
3) Automatic fire suppression
4)SCADA Diagnostics；Manual in-situ inspection and repair",StingRAY/SR-RR-0560 Cooling System PD v3.0 07-25-2016.xlsx
Cooling,Cooling pump controllers,满足系统持续运行要求,Pump water to Stbd/Port PTO stator segments,,"1) Loss of PTO
2) Loss of AC power generation",1,Electrical Failure,Corrosion induced failure short circuit,6,2,1) Visual inspection,SCADA Diagnostics；Manual in-situ inspection and repair,StingRAY/SR-RR-0560 Cooling System PD v3.0 07-25-2016.xlsx
Cooling,Cooling pump controllers,满足系统持续运行要求,Pump water to Stbd/Port PTO stator segments,,"1) Loss of PTO
2) Loss of AC power generation",1,Electrical Failure,Improper installation or manufacturing defect results in failure,6,2,none,SCADA Diagnostics；Manual in-situ inspection and repair,StingRAY/SR-RR-0560 Cooling System PD v3.0 07-25-2016.xlsx
Cooling,Cooling pump controllers,满足系统持续运行要求,Pump water to Stbd/Port PTO stator segments,,"1) Loss of PTO
2) Loss of AC power generation",1,Electrical Failure,"Water induced failure 
(non-corrosion)",6,2,"1) SCADA diagnostics 
2) Visual inspection",SCADA Diagnostics；Manual in-situ inspection and repair,StingRAY/SR-RR-0560 Cooling System PD v3.0 07-25-2016.xlsx
Cooling,Cooling pump controllers,满足系统持续运行要求,Pump water to Stbd/Port PTO stator segments,,"1) Loss of PTO
2) Loss of AC power generation",1,Electrical Failure,Vibration and/or motion induced failure,6,2,none,SCADA Diagnostics；Manual in-situ inspection and repair,StingRAY/SR-RR-0560 Cooling System PD v3.0 07-25-2016.xlsx
Cooling,Cooling pump controllers,满足系统持续运行要求,Pump water to Stbd/Port PTO stator segments,,"1) Loss of PTO
2) Loss of AC power generation",5,Electrical Failure - smoke/fire,All of the faults 1 thru 4,6,2,none,SCADA Diagnostics；Manual in-situ inspection and repair,StingRAY/SR-RR-0560 Cooling System PD v3.0 07-25-2016.xlsx
Cooling,"Hull 
Heat Exchanger",满足系统持续运行要求,Exchange cooling water heat with ocean water,,"1) Flooding
2) Loss of cooling
3) Loss of PTO",5,Leak,Vibration and/or motion induced failure,6,2,none,"SCADA Diagnostics
Bilge sensors；Manual in-situ inspection and repair",StingRAY/SR-RR-0560 Cooling System PD v3.0 07-25-2016.xlsx
Cooling,"Control room 
Cooling pump",满足系统持续运行要求,Provide electric power to cooling pumps,,"1) Loss of PTO
2)  Loss of AC power generation",1,Electrical Failure,Corrosion induced failure short circuit,6,2,1) Visual inspection,SCADA Diagnostics；Manual in-situ inspection and repair,StingRAY/SR-RR-0560 Cooling System PD v3.0 07-25-2016.xlsx
Cooling,"Control room 
Cooling pump",满足系统持续运行要求,Provide electric power to cooling pumps,,"1) Loss of PTO
2)  Loss of AC power generation",1,Electrical Failure,Improper installation or manufacturing defect results in failure,6,2,none,SCADA Diagnostics；Manual in-situ inspection and repair,StingRAY/SR-RR-0560 Cooling System PD v3.0 07-25-2016.xlsx
Cooling,"Control room 
Cooling pump",满足系统持续运行要求,Provide electric power to cooling pumps,,"1) Loss of PTO
2)  Loss of AC power generation",1,Electrical Failure,"Water induced failure 
(non-corrosion)",6,2,"1) SCADA diagnostics 
2) Visual inspection",SCADA Diagnostics；Manual in-situ inspection and repair,StingRAY/SR-RR-0560 Cooling System PD v3.0 07-25-2016.xlsx
Cooling,"Control room 
Cooling pump",满足系统持续运行要求,Provide electric power to cooling pumps,,"1) Loss of PTO
2)  Loss of AC power generation",1,Electrical Failure,Vibration and/or motion induced failure,6,2,none,SCADA Diagnostics；Manual in-situ inspection and repair,StingRAY/SR-RR-0560 Cooling System PD v3.0 07-25-2016.xlsx
Cooling,"Control room 
Cooling pump",满足系统持续运行要求,Provide electric power to cooling pumps,,"1) Loss of PTO
2)  Loss of AC power generation",5,Electrical Failure - smoke/fire,All of the faults 1 thru 4,6,2,none,"1) Smoke alarms - reduce time to electrically isolate 
2) Over-current protection - for electrical isolation
3) Automatic fire suppression
4)SCADA Diagnostics；Manual in-situ inspection and repair",StingRAY/SR-RR-0560 Cooling System PD v3.0 07-25-2016.xlsx
Cooling,Cooling pump,满足系统持续运行要求,Pump water to Stbd/Port PTO stator segments,,"1) Loss of PTO
2)  Loss of AC power generation",1,Electrical Failure,Corrosion induced failure short circuit,6,2,1) Visual inspection,SCADA Diagnostics；Manual in-situ inspection and repair,StingRAY/SR-RR-0560 Cooling System PD v3.0 07-25-2016.xlsx
Cooling,Cooling pump,满足系统持续运行要求,Pump water to Stbd/Port PTO stator segments,,"1) Loss of PTO
2)  Loss of AC power generation",1,Electrical Failure,Improper installation or manufacturing defect results in failure,6,2,none,SCADA Diagnostics；Manual in-situ inspection and repair,StingRAY/SR-RR-0560 Cooling System PD v3.0 07-25-2016.xlsx
Cooling,Cooling pump,满足系统持续运行要求,Pump water to Stbd/Port PTO stator segments,,"1) Loss of PTO
2)  Loss of AC power generation",1,Electrical Failure,"Water induced failure 
(non-corrosion)",6,2,"1) SCADA diagnostics 
2) Visual inspection",SCADA Diagnostics；Manual in-situ inspection and repair,StingRAY/SR-RR-0560 Cooling System PD v3.0 07-25-2016.xlsx
Cooling,Cooling pump,满足系统持续运行要求,Pump water to Stbd/Port PTO stator segments,,"1) Loss of PTO
2)  Loss of AC power generation",1,Electrical Failure,Vibration and/or motion induced failure,6,2,none,SCADA Diagnostics；Manual in-situ inspection and repair,StingRAY/SR-RR-0560 Cooling System PD v3.0 07-25-2016.xlsx
Cooling,Cooling pump,满足系统持续运行要求,Pump water to Stbd/Port PTO stator segments,,"1) Loss of PTO
2)  Loss of AC power generation",5,Electrical Failure - smoke/fire,All of the faults 1 thru 4,6,2,none,SCADA Diagnostics；Manual in-situ inspection and repair,StingRAY/SR-RR-0560 Cooling System PD v3.0 07-25-2016.xlsx
Bilge Pumping,Stbd/Port Spar Bilge Pumps & Controllers,满足系统持续运行要求,"Remove water from WEC collected from port/stbd PTO or Control Room. 
 (Two pumps per side - redundant cross connected power)",,"1) Loss of one bilge pump
2) In the case of water being present, second bilge pump runs to remove normal bilge collection",1,"Electrical Fault - 
Pump","1) Manufacturing defect
2) Fatigue or degradation over time
3) Contamination leads to fault
4) Component corrosion leads to fault
5) Control fault
6) Installation error",4,2,"1) V&V (QC) 
2) Inspections","1) Secondary bilge pump running
2) SCADA diagnostics；In-situ repair",StingRAY/SR-RR-0570 Bilge PD v3.0 07-25-2016.xlsx
Bilge Pumping,Stbd/Port Spar Bilge Pumps & Controllers,满足系统持续运行要求,"Remove water from WEC collected from port/stbd PTO or Control Room. 
 (Two pumps per side - redundant cross connected power)",,"1) Loss of one bilge pump
2) In the case of water being present, second bilge pump runs to remove normal bilge collection",1,"Electrical Fault -
Controller","1) Manufacturing defect
2) Fatigue or degradation over time
3) Contamination leads to fault
4) Component corrosion leads to fault
5) Control fault
6) Installation error",4,2,"1) V&V (QC) 
2) Inspections","1) Secondary bilge pump running
2) SCADA diagnostics；In-situ repair",StingRAY/SR-RR-0570 Bilge PD v3.0 07-25-2016.xlsx
Bilge Pumping,Stbd/Port Spar Bilge Pumps & Controllers,满足系统持续运行要求,"Remove water from WEC collected from port/stbd PTO or Control Room. 
 (Two pumps per side - redundant cross connected power)",,"1) Loss of one bilge pump
2) In the case of water being present, second bilge pump runs to remove normal bilge collection",1,Mechanical failure in pump,"1) Manufacturing defect
2) Fatigue or degradation over time
3) Contamination leads to fault
4) Component corrosion leads to fault
5) Control fault
6) Installation error",4,2,"1) V&V (QC) 
2) Inspections","1) Secondary bilge pump running
2) SCADA diagnostics；In-situ repair",StingRAY/SR-RR-0570 Bilge PD v3.0 07-25-2016.xlsx
Bilge Pumping,Stbd/Port Spar Bilge Pumps & Controllers,满足系统持续运行要求,"Remove water from WEC collected from port/stbd PTO or Control Room. 
 (Two pumps per side - redundant cross connected power)",,"1) Loss of one bilge pump
2) In the case of water being present, second bilge pump runs to remove normal bilge collection",1,Mechanical failure in switch,"1) Manufacturing defect
2) Fatigue or degradation over time
3) Contamination leads to fault
4) Component corrosion leads to fault
5) Control fault
6) Installation error",4,2,"1) V&V (QC) 
2) Inspections","1) Secondary bilge pump running
2) SCADA diagnostics；In-situ repair",StingRAY/SR-RR-0570 Bilge PD v3.0 07-25-2016.xlsx
Bilge Pumping,Stbd/Port Spar Bilge Pumps & Controllers,满足系统持续运行要求,"Remove water from WEC collected from port/stbd PTO or Control Room. 
 (Two pumps per side - redundant cross connected power)",,1) Electrical isolation - loss of port/stbd spar bilge pumps,1,Electrical Fault - smoke/fire,"1) Manufacturing defect
2) Fatigue or degradation over time
3) Contamination leads to fault
4) Component corrosion leads to fault
5) Control fault
6) Installation error",4,2,"1) V&V (QC) 
2) Inspections","1) Secondary bilge pump running
2) SCADA diagnostics；In-situ repair",StingRAY/SR-RR-0570 Bilge PD v3.0 07-25-2016.xlsx
Bilge Pumping,Stbd/Port Spar Bilge Pumps & Controllers,满足系统持续运行要求,"Remove water from WEC collected from port/stbd PTO or Control Room. 
 (Two pumps per side - redundant cross connected power)",,"1) Electrical isolation - loss of port/stbd spar bilge pumps
2) Water raises in sealed bilge, filling bilge chamber.
3) Water flow overboard due to pressure differential via check valve",1,Electrical Fault - smoke/fire,"1) Manufacturing defect
2) Fatigue or degradation over time
3) Contamination leads to fault
4) Component corrosion leads to fault
5) Control fault
6) Installation error",5,2,"1) V&V (QC) 
2) Inspections","1) 0520 Emergency System
2) SCADA Diagnostics；In-situ inspection for repair, repair at dry dock as necessary",StingRAY/SR-RR-0570 Bilge PD v3.0 07-25-2016.xlsx
Bilge Pumping,Stbd/Port PTO Seal Bilge Pumps & Controllers,满足系统持续运行要求,Remove water from PTO seal bilge tank and transfer to the spar bilge tank,,"1) Loss of PTO Seal bilge pump
2) PTO Sealed bilge transfers water to spar bilge via check-valve and pressure differential",1,"Electrical Fault - 
Pump","1) Manufacturing defect
2) Fatigue or degradation over time
3) Contamination leads to fault
4) Component corrosion leads to fault
5) Control fault
6) Installation error",4,2,"1) V&V (QC) 
2) Inspections",SCADA Diagnostics；in-situ repair during service,StingRAY/SR-RR-0570 Bilge PD v3.0 07-25-2016.xlsx
Bilge Pumping,Stbd/Port PTO Seal Bilge Pumps & Controllers,满足系统持续运行要求,Remove water from PTO seal bilge tank and transfer to the spar bilge tank,,"1) Loss of PTO Seal bilge pump
2) PTO Sealed bilge transfers water to spar bilge via check-valve and pressure differential",1,"Electrical Fault -
Controller","1) Manufacturing defect
2) Fatigue or degradation over time
3) Contamination leads to fault
4) Component corrosion leads to fault
5) Control fault
6) Installation error",4,2,"1) V&V (QC) 
2) Inspections",SCADA Diagnostics；in-situ repair during service,StingRAY/SR-RR-0570 Bilge PD v3.0 07-25-2016.xlsx
Bilge Pumping,Stbd/Port PTO Seal Bilge Pumps & Controllers,满足系统持续运行要求,Remove water from PTO seal bilge tank and transfer to the spar bilge tank,,"1) Loss of PTO Seal bilge pump
2) PTO Sealed bilge transfers water to spar bilge via check-valve and pressure differential",1,Mechanical failure in pump,"1) Manufacturing defect
2) Fatigue or degradation over time
3) Contamination leads to fault
4) Component corrosion leads to fault
5) Control fault
6) Installation error",4,2,"1) V&V (QC) 
2) Inspections",SCADA Diagnostics；in-situ repair during service,StingRAY/SR-RR-0570 Bilge PD v3.0 07-25-2016.xlsx
Bilge Pumping,Stbd/Port PTO Seal Bilge Pumps & Controllers,满足系统持续运行要求,Remove water from PTO seal bilge tank and transfer to the spar bilge tank,,"1) Loss of PTO Seal bilge pump
2) PTO Sealed bilge transfers water to spar bilge via check-valve and pressure differential",1,Mechanical failure in switch,"1) Manufacturing defect
2) Fatigue or degradation over time
3) Contamination leads to fault
4) Component corrosion leads to fault
5) Control fault
6) Installation error",4,2,"1) V&V (QC) 
2) Inspections",SCADA Diagnostics；in-situ repair during service,StingRAY/SR-RR-0570 Bilge PD v3.0 07-25-2016.xlsx
Bilge Pumping,Stbd/Port PTO Seal Bilge Pumps & Controllers,满足系统持续运行要求,Remove water from PTO seal bilge tank and transfer to the spar bilge tank,,"1) PTO floods up to secondary bilge level from leak
2) Stator segment damage from water",1,Electrical Fault - smoke/fire,"1) Manufacturing defect
2) Fatigue or degradation over time
3) Contamination leads to fault
4) Component corrosion leads to fault
5) Control fault
6) Installation error",4,2,"1) V&V (QC) 
2) Inspections",SCADA Diagnostics；in-situ repair during service,StingRAY/SR-RR-0570 Bilge PD v3.0 07-25-2016.xlsx
Bilge Pumping,Stbd/Port PTO Seal Bilge Pumps & Controllers,满足系统持续运行要求,Remove water from PTO seal bilge tank and transfer to the spar bilge tank,,"1) PTO seal bilge pump does not transfer water
2) Water is transferred to spar bilge once pressure differentail opens check valve",1,Electrical Fault - smoke/fire,"1) Manufacturing defect
2) Fatigue or degradation over time
3) Contamination leads to fault
4) Component corrosion leads to fault
5) Control fault
6) Installation error",5,2,"1) V&V (QC) 
2) Inspections","1) 0520 Emergency System
2) SCADA Diagnostics；In-situ inspection for repair, repair at dry dock as necessary",StingRAY/SR-RR-0570 Bilge PD v3.0 07-25-2016.xlsx
Bilge Pumping,Stbd/Port PTO Bilge Pumps & Controllers,满足系统持续运行要求,"Port/Stbd identical systems: Remove bilge water from the lowest point of the PTO module, transfering the water to the spar bilge",,"1) Loss of bilge pump
2) Any residual bilge collection is not pumped to spar bilge",1,"Electrical Fault - 
Pump","1) Manufacturing defect
2) Fatigue or degradation over time
3) Contamination leads to fault
4) Component corrosion leads to fault
5) Control fault
6) Installation error",4,2,"1) V&V (QC) 
2) Inspections","1) SCADA diagnostic
2) Surveillance；in-situ repair",StingRAY/SR-RR-0570 Bilge PD v3.0 07-25-2016.xlsx
Bilge Pumping,Stbd/Port PTO Bilge Pumps & Controllers,满足系统持续运行要求,"Port/Stbd identical systems: Remove bilge water from the lowest point of the PTO module, transfering the water to the spar bilge",,"1) Loss of bilge pump
2) Any residual bilge collection is not pumped to spar bilge",1,"Electrical Fault -
Controller","1) Manufacturing defect
2) Fatigue or degradation over time
3) Contamination leads to fault
4) Component corrosion leads to fault
5) Control fault
6) Installation error",4,2,"1) V&V (QC) 
2) Inspections","1) SCADA diagnostic
2) Surveillance；in-situ repair",StingRAY/SR-RR-0570 Bilge PD v3.0 07-25-2016.xlsx
Bilge Pumping,Stbd/Port PTO Bilge Pumps & Controllers,满足系统持续运行要求,"Port/Stbd identical systems: Remove bilge water from the lowest point of the PTO module, transfering the water to the spar bilge",,"1) Loss of bilge pump
2) Any residual bilge collection is not pumped to spar bilge",1,Mechanical failure in pump,"1) Manufacturing defect
2) Fatigue or degradation over time
3) Contamination leads to fault
4) Component corrosion leads to fault
5) Control fault
6) Installation error",4,2,"1) V&V (QC) 
2) Inspections","1) SCADA diagnostic
2) Surveillance；in-situ repair",StingRAY/SR-RR-0570 Bilge PD v3.0 07-25-2016.xlsx
Bilge Pumping,Stbd/Port PTO Bilge Pumps & Controllers,满足系统持续运行要求,"Port/Stbd identical systems: Remove bilge water from the lowest point of the PTO module, transfering the water to the spar bilge",,"1) Loss of bilge pump
2) Any residual bilge collection is not pumped to spar bilge",1,Mechanical failure in switch,"1) Manufacturing defect
2) Fatigue or degradation over time
3) Contamination leads to fault
4) Component corrosion leads to fault
5) Control fault
6) Installation error",4,2,"1) V&V (QC) 
2) Inspections","1) SCADA diagnostic
2) Surveillance；in-situ repair",StingRAY/SR-RR-0570 Bilge PD v3.0 07-25-2016.xlsx
Bilge Pumping,Stbd/Port PTO Bilge Pumps & Controllers,满足系统持续运行要求,"Port/Stbd identical systems: Remove bilge water from the lowest point of the PTO module, transfering the water to the spar bilge",,"1) Loss of bilge pump
2) Any residual bilge collection is not pumped to spar bilge",1,Electrical Fault - smoke/fire,"1) Manufacturing defect
2) Fatigue or degradation over time
3) Contamination leads to fault
4) Component corrosion leads to fault
5) Control fault
6) Installation error",4,2,"1) V&V (QC) 
2) Inspections","1) SCADA diagnostic
2) Surveillance；in-situ repair",StingRAY/SR-RR-0570 Bilge PD v3.0 07-25-2016.xlsx
Bilge Pumping,Stbd/Port PTO Bilge Pumps & Controllers,满足系统持续运行要求,"Port/Stbd identical systems: Remove bilge water from the lowest point of the PTO module, transfering the water to the spar bilge",,"1) Loss of bilge pump
2) Any residual bilge collection is not pumped to spar bilge",1,Electrical Fault - smoke/fire,"1) Manufacturing defect
2) Fatigue or degradation over time
3) Contamination leads to fault
4) Component corrosion leads to fault
5) Control fault
6) Installation error",4,2,,"1) SCADA diagnostic
2) Surveillance；in-situ repair",StingRAY/SR-RR-0570 Bilge PD v3.0 07-25-2016.xlsx
Bilge Pumping,Deployment Pumping Systems,满足系统持续运行要求,"During deployment, when WEC is near horizontal oreientation, remove water from port/stbd low point of PTO module, and control room. - (Pump + Control for Port PTO, Stbd PTO, Stbd side control room, Port side control room)",,"1) Loss of bilge pump
2) Any residual bilge collection is not pumped to spar bilge",1,"Electrical Fault - 
Pump","1) Manufacturing defect
2) Fatigue or degradation over time
3) Contamination leads to fault
4) Component corrosion leads to fault
5) Control fault
6) Installation error",4,2,V&V(QC),"1) SCADA diagnostic
2) Surveillance；in-situ repair",StingRAY/SR-RR-0570 Bilge PD v3.0 07-25-2016.xlsx
Bilge Pumping,Deployment Pumping Systems,满足系统持续运行要求,"During deployment, when WEC is near horizontal oreientation, remove water from port/stbd low point of PTO module, and control room. - (Pump + Control for Port PTO, Stbd PTO, Stbd side control room, Port side control room)",,"1) Loss of bilge pump
2) Any residual bilge collection is not pumped to spar bilge",1,"Electrical Fault -
Controller","1) Manufacturing defect
2) Fatigue or degradation over time
3) Contamination leads to fault
4) Component corrosion leads to fault
5) Control fault
6) Installation error",4,2,V&V(QC),"1) SCADA diagnostic
2) Surveillance；in-situ repair",StingRAY/SR-RR-0570 Bilge PD v3.0 07-25-2016.xlsx
Bilge Pumping,Deployment Pumping Systems,满足系统持续运行要求,"During deployment, when WEC is near horizontal oreientation, remove water from port/stbd low point of PTO module, and control room. - (Pump + Control for Port PTO, Stbd PTO, Stbd side control room, Port side control room)",,"1) Loss of bilge pump
2) Any residual bilge collection is not pumped to spar bilge",1,Mechanical failure in pump,"1) Manufacturing defect
2) Fatigue or degradation over time
3) Contamination leads to fault
4) Component corrosion leads to fault
5) Control fault
6) Installation error",4,2,V&V(QC),"1) SCADA diagnostic
2) Surveillance；in-situ repair",StingRAY/SR-RR-0570 Bilge PD v3.0 07-25-2016.xlsx
Bilge Pumping,Deployment Pumping Systems,满足系统持续运行要求,"During deployment, when WEC is near horizontal oreientation, remove water from port/stbd low point of PTO module, and control room. - (Pump + Control for Port PTO, Stbd PTO, Stbd side control room, Port side control room)",,"1) Loss of bilge pump
2) Any residual bilge collection is not pumped to spar bilge",1,Mechanical failure in switch,"1) Manufacturing defect
2) Fatigue or degradation over time
3) Contamination leads to fault
4) Component corrosion leads to fault
5) Control fault
6) Installation error",4,2,V&V(QC),"1) SCADA diagnostic
2) Surveillance；in-situ repair",StingRAY/SR-RR-0570 Bilge PD v3.0 07-25-2016.xlsx
Bilge Pumping,Deployment Pumping Systems,满足系统持续运行要求,"During deployment, when WEC is near horizontal oreientation, remove water from port/stbd low point of PTO module, and control room. - (Pump + Control for Port PTO, Stbd PTO, Stbd side control room, Port side control room)",,"1) Loss of bilge pump
2) Any residual bilge collection is not pumped to spar bilge",1,Electrical Fault - smoke/fire,"1) Manufacturing defect
2) Fatigue or degradation over time
3) Contamination leads to fault
4) Component corrosion leads to fault
5) Control fault
6) Installation error",4,2,V&V(QC),"1) SCADA diagnostic
2) Surveillance；in-situ repair",StingRAY/SR-RR-0570 Bilge PD v3.0 07-25-2016.xlsx
Bilge Pumping,Deployment Pumping Systems,满足系统持续运行要求,"During deployment, when WEC is near horizontal oreientation, remove water from port/stbd low point of PTO module, and control room. - (Pump + Control for Port PTO, Stbd PTO, Stbd side control room, Port side control room)",,,1,Electrical Fault - smoke/fire,"1) Manufacturing defect
2) Fatigue or degradation over time
3) Contamination leads to fault
4) Component corrosion leads to fault
5) Control fault
6) Installation error",4,2,,"1) SCADA diagnostic
2) Surveillance；in-situ repair",StingRAY/SR-RR-0570 Bilge PD v3.0 07-25-2016.xlsx
Bilge Pumping,"Values & Fittings /
Pipping",满足系统持续运行要求,Remove infiltrated water from PTO module,,"1) Not detectable until water is pumped
2) water drains back to a bilge",1,"Leak in Values & Fittings /
Pipping","1) Manufacturing defect
2) Fatigue or degradation over time
3) Contamination leads to fault
4) Component corrosion leads to fault
5) Control fault
6) Installation error",4,2,1) Inspections,"1) SCADA diagnostic
2) Surveillance；in-situ repair",StingRAY/SR-RR-0570 Bilge PD v3.0 07-25-2016.xlsx
Bilge Pumping,"Values & Fittings /
Pipping",满足系统持续运行要求,Remove infiltrated water from PTO module,,"1) Not detectable until water is pumped
2) water drains back to a bilge",1,"Leak in Values & Fittings /
Pipping","1) Manufacturing defect
2) Fatigue or degradation over time
3) Contamination leads to fault
4) Component corrosion leads to fault
5) Control fault
6) Installation error",4,2,1) Inspections,"1) SCADA diagnostic
2) Surveillance；in-situ repair",StingRAY/SR-RR-0570 Bilge PD v3.0 07-25-2016.xlsx
Bilge Pumping,"Values & Fittings /
Pipping",满足系统持续运行要求,Remove infiltrated water from PTO module,,"1) Not detectable until water is pumped
2) water drains back to a bilge",1,"Leak in Values & Fittings /
Pipping","1) Manufacturing defect
2) Fatigue or degradation over time
3) Contamination leads to fault
4) Component corrosion leads to fault
5) Control fault
6) Installation error",4,2,1) Inspections,"1) SCADA diagnostic
2) Surveillance；in-situ repair",StingRAY/SR-RR-0570 Bilge PD v3.0 07-25-2016.xlsx
Hull Fitting,Hull Fitting,满足系统持续运行要求,Provide attachment points and other functionality to hull structure,,"1) Change in buoy orientation
2) Reduction in power production
3) Increased load on other line
4) Damage to hull",1,Mooring attachment failure,Extreme load induced damage (Overload),4,2,none,"1) Yaw direction detection
2) Mooring load cell
3) Visual detection；1) Recover WEC, dry doc repair of hull area",StingRAY/SR-RR-0620 Hull Fitting PD v3.0 07-25-2016.xlsx
Hull Penetrations,Hull Penetrations,满足系统持续运行要求,Hatches and cable penetrations,,1) Water intrusion,1,Minor Leak in hatch or cable penetration seal,Fatigue crack in seal,7,2,,Bilge detection；Repair seal on site,StingRAY/SR-RR-0630 Hull Penetrations PD v3.0 07-25-2016.xlsx
Hull Penetrations,Hull Penetrations,满足系统持续运行要求,Hatches and cable penetrations,,1) Water intrusion,1,Minor Leak in hatch or cable penetration seal,Damage from debris,7,2,,Bilge detection；Repair seal on site,StingRAY/SR-RR-0630 Hull Penetrations PD v3.0 07-25-2016.xlsx
Hull Penetrations,Hull Penetrations,满足系统持续运行要求,Hatches and cable penetrations,,1) Water intrusion,1,Minor Leak in hatch or cable penetration seal,Overpressurization,6,2,,Bilge detection；Repair seal on site,StingRAY/SR-RR-0630 Hull Penetrations PD v3.0 07-25-2016.xlsx
Hull Penetrations,Hull Penetrations,满足系统持续运行要求,Hatches and cable penetrations,,1) Water intrusion,1,Minor Leak in hatch or cable penetration seal,Deformation of mating structure,7,2,,Bilge detection；Repair seal on site,StingRAY/SR-RR-0630 Hull Penetrations PD v3.0 07-25-2016.xlsx
Hull Penetrations,Hull Penetrations,满足系统持续运行要求,Hatches and cable penetrations,,"1) Water intrusion
2) Component damage from corrosion",1,Major Leak in hatch or cable penetration seal,Fatigue crack in seal,6,2,,Bilge detection；Repair seal on site,StingRAY/SR-RR-0630 Hull Penetrations PD v3.0 07-25-2016.xlsx
Hull Penetrations,Hull Penetrations,满足系统持续运行要求,Hatches and cable penetrations,,"1) Water intrusion
2) Component damage from corrosion",1,Major Leak in hatch or cable penetration seal,Damage from debris,6,2,,Bilge detection；Repair seal on site,StingRAY/SR-RR-0630 Hull Penetrations PD v3.0 07-25-2016.xlsx
Hull Penetrations,Hull Penetrations,满足系统持续运行要求,Hatches and cable penetrations,,"1) Water intrusion
2) Component damage from corrosion",1,Major Leak in hatch or cable penetration seal,Overpressurization,5,2,,Bilge detection；Repair seal on site,StingRAY/SR-RR-0630 Hull Penetrations PD v3.0 07-25-2016.xlsx
Hull Penetrations,Hull Penetrations,满足系统持续运行要求,Hatches and cable penetrations,,"1) Water intrusion
2) Component damage from corrosion",1,Major Leak in hatch or cable penetration seal,Deformation of mating structure,6,2,,Bilge detection；Repair seal on site,StingRAY/SR-RR-0630 Hull Penetrations PD v3.0 07-25-2016.xlsx
Marinization & Corrosion,Marinization & Corrosion (internal and external),满足系统持续运行要求,Defines environmental specifications for each compartment of the WEC and the means to protect external components from the effects of a marine environment,,,,nan,,,2,,,StingRAY/SR-RR-0640 Marinization and Corrosion PD v3.0 07-25-2016.xlsx
Mooring,Mooring system (this line is a placeholder for notes),满足系统持续运行要求,,,,,nan,,,2,,,StingRAY/SR-RR-0700 Mooring PD v3.0 07-25-2016.xlsx
Mooring,"Single point (Hawser lines, Shackles and Pendants)",满足系统持续运行要求,Primary station keeping,,"1) Loss of station keeping
2) Loss of umbilical (see 0800)
4) BOB - buoy on beach or BOTS - buoy out to sea
5) Loss of primary fiber communications",4,Double hawser failure (including hardware failure),Extreme load induced damage (Overload),3,2,none,"1) GPS watch circle alarm
2) Yaw direction detection
3) Mooring load cells
4) Visual detection
5) Loss of umbilical connectivity；Mooring: Repair/replace on site
Umbilical: Repair/replace on site… but long lead time (~12mo)
WEC Hull: recover WEC, dry dock repair",StingRAY/SR-RR-0700 Mooring PD v3.0 07-25-2016.xlsx
Mooring,"Single point (Hawser lines, Shackles and Pendants)",满足系统持续运行要求,Primary station keeping,,"1) Loss of station keeping
2) Loss of umbilical (see 0800)
4) BOB - buoy on beach or BOTS - buoy out to sea
5) Loss of primary fiber communications",4,Double hawser failure (including hardware failure),Snap loads,3,2,none,"1) GPS watch circle alarm
2) Yaw direction detection
3) Mooring load cells
4) Visual detection
5) Loss of umbilical connectivity；Mooring: Repair/replace on site
Umbilical: Repair/replace on site… but long lead time (~12mo)
WEC Hull: recover WEC, dry dock repair",StingRAY/SR-RR-0700 Mooring PD v3.0 07-25-2016.xlsx
Mooring,"Single point (Hawser lines, Shackles and Pendants)",满足系统持续运行要求,Primary station keeping,,"1) Loss of station keeping
2) Loss of umbilical (see 0800)
4) BOB - buoy on beach or BOTS - buoy out to sea
5) Loss of primary fiber communications",4,Double hawser failure (including hardware failure),fatigue induced damage,3,2,"Regularly scheduled visual inspection, with repair/ replacement as needed","1) GPS watch circle alarm
2) Yaw direction detection
3) Mooring load cells
4) Visual detection
5) Loss of umbilical connectivity；Mooring: Repair/replace on site
Umbilical: Repair/replace on site… but long lead time (~12mo)
WEC Hull: recover WEC, dry dock repair",StingRAY/SR-RR-0700 Mooring PD v3.0 07-25-2016.xlsx
Mooring,"Single point (Hawser lines, Shackles and Pendants)",满足系统持续运行要求,Primary station keeping,,"1) Loss of station keeping
2) Loss of umbilical (see 0800)
4) BOB - buoy on beach or BOTS - buoy out to sea
5) Loss of primary fiber communications",4,Double hawser failure (including hardware failure),Non-service ship strike,2,2,none,"1) GPS watch circle alarm
2) Yaw direction detection
3) Mooring load cells
4) Visual detection
5) Loss of umbilical connectivity；Mooring: Repair/replace on site
Umbilical: Repair/replace on site… but long lead time (~12mo)
WEC Hull: recover WEC, dry dock repair",StingRAY/SR-RR-0700 Mooring PD v3.0 07-25-2016.xlsx
Mooring,"Single point (Hawser lines, Shackles and Pendants)",满足系统持续运行要求,Primary station keeping,,"1) Loss of station keeping
2) Loss of umbilical (see 0800)
4) BOB - buoy on beach or BOTS - buoy out to sea
5) Loss of primary fiber communications",4,Double hawser failure (including hardware failure),Vandalism/ negligence,4,2,none,"1) GPS watch circle alarm
2) Yaw direction detection
3) Mooring load cells
4) Visual detection
5) Loss of umbilical connectivity；Mooring: Repair/replace on site
Umbilical: Repair/replace on site… but long lead time (~12mo)
WEC Hull: recover WEC, dry dock repair",StingRAY/SR-RR-0700 Mooring PD v3.0 07-25-2016.xlsx
Mooring,Single point chain (vertical),满足系统持续运行要求,"Keep foam buoy in position
Connecting sinker to buoy",,"1) Change to WEC orientation
2) Sub-optimal WEC response
3) Possible entaglement between single point sinker and umbilical",1,Line break,Extreme load induced damage,5,2,none,1) Visual detection；Replace on site,StingRAY/SR-RR-0700 Mooring PD v3.0 07-25-2016.xlsx
Mooring,Single point chain (vertical),满足系统持续运行要求,"Keep foam buoy in position
Connecting sinker to buoy",,"1) Change to WEC orientation
2) Sub-optimal WEC response
3) Possible entaglement between single point sinker and umbilical",1,Line break,Snap loads,4,2,none,1) Visual detection；Replace on site,StingRAY/SR-RR-0700 Mooring PD v3.0 07-25-2016.xlsx
Mooring,Single point chain (vertical),满足系统持续运行要求,"Keep foam buoy in position
Connecting sinker to buoy",,"1) Change to WEC orientation
2) Sub-optimal WEC response
3) Possible entaglement between single point sinker and umbilical",1,Line break,fatigue induced damage,7,2,"Regularly scheduled visual inspection, with repair/ replacement as needed",1) Visual detection；Replace on site,StingRAY/SR-RR-0700 Mooring PD v3.0 07-25-2016.xlsx
Mooring,Single point chain (vertical),满足系统持续运行要求,"Keep foam buoy in position
Connecting sinker to buoy",,"1) Change to WEC orientation
2) Sub-optimal WEC response
3) Possible entaglement between single point sinker and umbilical",4,Line break,Non-service ship strike,3,2,none,1) Visual detection；Replace on site,StingRAY/SR-RR-0700 Mooring PD v3.0 07-25-2016.xlsx
Mooring,Single point chain (vertical),满足系统持续运行要求,"Keep foam buoy in position
Connecting sinker to buoy",,"1) Change to WEC orientation
2) Sub-optimal WEC response
3) Possible entaglement between single point sinker and umbilical",1,Line break,Corrosion,7,2,"Regularly scheduled visual inspection, with repair/ replacement as needed",1) Visual detection；Replace on site,StingRAY/SR-RR-0700 Mooring PD v3.0 07-25-2016.xlsx
Mooring,Single point hawser lines,满足系统持续运行要求,"Load transfer from Bridle to WETS moorings
Provide restoring forces for position keeping",,"1) Change in mooring system response and loads
2) Significantly greater watch circle
3) Loss of aft mooring line
4) Loss of umbilical connectivity (see 0800)",1,Single hawser failure,Extreme load induced damage (Overload),5,2,none,"1) GPS watch circle alarm
2) Visual detection
3) Loss of umbilical connectivity；Mooring: Repair/replace on site
Umbilical: Repair/replace on site… but long lead time (~12mo)",StingRAY/SR-RR-0700 Mooring PD v3.0 07-25-2016.xlsx
Mooring,Single point hawser lines,满足系统持续运行要求,"Load transfer from Bridle to WETS moorings
Provide restoring forces for position keeping",,"1) Change in mooring system response and loads
2) Significantly greater watch circle
3) Loss of aft mooring line
4) Loss of umbilical connectivity (see 0800)",1,Single hawser failure,Snap loads,4,2,none,"1) GPS watch circle alarm
2) Visual detection
3) Loss of umbilical connectivity；Mooring: Repair/replace on site
Umbilical: Repair/replace on site… but long lead time (~12mo)",StingRAY/SR-RR-0700 Mooring PD v3.0 07-25-2016.xlsx
Mooring,Single point hawser lines,满足系统持续运行要求,"Load transfer from Bridle to WETS moorings
Provide restoring forces for position keeping",,"1) Change in mooring system response and loads
2) Significantly greater watch circle
3) Loss of aft mooring line
4) Loss of umbilical connectivity (see 0800)",1,Single hawser failure,Fatigue induced damage,7,2,"Regularly scheduled visual inspection, with repair/ replacement as needed","1) GPS watch circle alarm
2) Visual detection
3) Loss of umbilical connectivity；Mooring: Repair/replace on site
Umbilical: Repair/replace on site… but long lead time (~12mo)",StingRAY/SR-RR-0700 Mooring PD v3.0 07-25-2016.xlsx
Mooring,Single point hawser lines,满足系统持续运行要求,"Load transfer from Bridle to WETS moorings
Provide restoring forces for position keeping",,"1) Change in mooring system response and loads
2) Significantly greater watch circle
3) Loss of aft mooring line
4) Loss of umbilical connectivity (see 0800)",1,Single hawser failure,Non-service ship strike,3,2,none,"1) GPS watch circle alarm
2) Visual detection
3) Loss of umbilical connectivity；Mooring: Repair/replace on site
Umbilical: Repair/replace on site… but long lead time (~12mo)",StingRAY/SR-RR-0700 Mooring PD v3.0 07-25-2016.xlsx
Mooring,Single point hawser lines,满足系统持续运行要求,"Load transfer from Bridle to WETS moorings
Provide restoring forces for position keeping",,"1) Change in mooring system response and loads
2) Significantly greater watch circle
3) Loss of aft mooring line
4) Loss of umbilical connectivity (see 0800)",1,Single hawser failure,Fish bite,8,2,"Regularly scheduled visual inspection, with repair/ replacement as needed","1) GPS watch circle alarm
2) Visual detection；Mooring: Repair/replace on site
Umbilical: Repair/replace on site… but long lead time (~12mo)",StingRAY/SR-RR-0700 Mooring PD v3.0 07-25-2016.xlsx
Mooring,Single point hawser lines,满足系统持续运行要求,"Load transfer from Bridle to WETS moorings
Provide restoring forces for position keeping",,"1) Change in mooring system response and loads
2) Significantly greater watch circle
3) Loss of aft mooring line
4) Loss of umbilical connectivity (see 0800)",1,Single hawser failure,Vandalism/ negligence,4,2,none,"1) GPS watch circle alarm
2) Visual detection
3) Loss of umbilical connectivity；Mooring: Repair/replace on site
Umbilical: Repair/replace on site… but long lead time (~12mo)",StingRAY/SR-RR-0700 Mooring PD v3.0 07-25-2016.xlsx
Mooring,Single point hawser lines,满足系统持续运行要求,"Load transfer from Bridle to WETS moorings
Provide restoring forces for position keeping",,"1) Change in mooring system response and loads
2) Significantly greater watch circle
3) Loss of aft mooring line
4) Loss of umbilical connectivity (see 0800)",1,Single hawser failure,Material degradation due to exposure to UV,7,2,"Regularly scheduled visual inspection, with repair/ replacement as needed","1) GPS watch circle alarm
2) Visual detection
3) Loss of umbilical connectivity；Mooring: Repair/replace on site
Umbilical: Repair/replace on site… but long lead time (~12mo)",StingRAY/SR-RR-0700 Mooring PD v3.0 07-25-2016.xlsx
Mooring,Single point hawser lines,满足系统持续运行要求,"Load transfer from Bridle to WETS moorings
Provide restoring forces for position keeping",,"1) Change in mooring system response and loads
2) Significantly greater watch circle
3) Loss of aft mooring line
4) Loss of umbilical connectivity (see 0800)",1,Single hawser failure,Degradation due to marine growth,7,2,"Regularly scheduled visual inspection, with repair/ replacement as needed","1) GPS watch circle alarm
2) Visual detection
3) Loss of umbilical connectivity；Mooring: Repair/replace on site
Umbilical: Repair/replace on site… but long lead time (~12mo)",StingRAY/SR-RR-0700 Mooring PD v3.0 07-25-2016.xlsx
Mooring,Single point MB-225 foam buoy,满足系统持续运行要求,"Provide buoyancy to the mooring system, maintain tension in the mooring lines and geometric configuration of the mooring system",,"1) Change to WEC orientation
2) Sub-optimal WEC response
3) Possible entaglement between single point sinker and umbilical",1,Collapse/loss of buoyancy,Non-service ship strike,3,2,none,1) Visual detection；Replace on site,StingRAY/SR-RR-0700 Mooring PD v3.0 07-25-2016.xlsx
Mooring,Single point MB-225 foam buoy,满足系统持续运行要求,"Provide buoyancy to the mooring system, maintain tension in the mooring lines and geometric configuration of the mooring system",,"1) Change to WEC orientation
2) Sub-optimal WEC response
3) Possible entaglement between single point sinker and umbilical",1,Loss of buoyancy,Material degradation leading to loss of buoyancy,7,2,"Regularly scheduled visual inspection, with repair/ replacement as needed",1) Visual detection；Replace on site,StingRAY/SR-RR-0700 Mooring PD v3.0 07-25-2016.xlsx
Mooring,Single point sinker,满足系统持续运行要求,"Provide weight to foam buoy. 
Connection point between Brindle and single point mooring",,"1) Loss of WEC orientation and equilibrium position
2) Possible loss of umbilical connectivity (see 0800)
3) Possible loss of buoy, BOB - buoy on beach or BOTS - buoy out to sea
4) Possible damage to WEC",4,Crack/Loss of mass,Extreme loading (overload),5,2,none,"1) GPS watch circle alarm
2) Yaw direction detection
3) Mooring load cells
4) Visual detection
5) Loss of umbilical connectivity；Mooring: Repair/replace on site
Umbilical: Repair/replace on site… but long lead time (~12mo)
WEC Hull: recover WEC, dry dock repair",StingRAY/SR-RR-0700 Mooring PD v3.0 07-25-2016.xlsx
Mooring,Single point sinker,满足系统持续运行要求,"Provide weight to foam buoy. 
Connection point between Brindle and single point mooring",,"1) Loss of WEC orientation and equilibrium position
2) Possible loss of umbilical connectivity (see 0800)
3) Possible loss of buoy, BOB - buoy on beach or BOTS - buoy out to sea
4) Possible damage to WEC",4,Crack/Loss of mass,Snap loads,4,2,none,"1) GPS watch circle alarm
2) Yaw direction detection
3) Mooring load cells
4) Visual detection
5) Loss of umbilical connectivity；Mooring: Repair/replace on site
Umbilical: Repair/replace on site… but long lead time (~12mo)
WEC Hull: recover WEC, dry dock repair",StingRAY/SR-RR-0700 Mooring PD v3.0 07-25-2016.xlsx
Mooring,Single point sinker,满足系统持续运行要求,"Provide weight to foam buoy. 
Connection point between Brindle and single point mooring",,"1) Loss of WEC orientation and equilibrium position
2) Possible loss of umbilical connectivity (see 0800)
3) Possible loss of buoy, BOB - buoy on beach or BOTS - buoy out to sea
4) Possible damage to WEC",4,Crack/Loss of mass,Fatigue induced damage,7,2,"Regularly scheduled visual inspection, with repair/ replacement as needed","1) GPS watch circle alarm
2) Yaw direction detection
3) Mooring load cells
4) Visual detection
5) Loss of umbilical connectivity；Mooring: Repair/replace on site
Umbilical: Repair/replace on site… but long lead time (~12mo)
WEC Hull: recover WEC, dry dock repair",StingRAY/SR-RR-0700 Mooring PD v3.0 07-25-2016.xlsx
Mooring,Single point sinker,满足系统持续运行要求,"Provide weight to foam buoy. 
Connection point between Brindle and single point mooring",,"1) Loss of WEC orientation and equilibrium position
2) Possible loss of umbilical connectivity (see 0800)
3) Possible loss of buoy, BOB - buoy on beach or BOTS - buoy out to sea
4) Possible damage to WEC",4,Crack/Loss of mass,Non-service ship strike,3,2,none,"1) GPS watch circle alarm
2) Yaw direction detection
3) Mooring load cells
4) Visual detection
5) Loss of umbilical connectivity；Mooring: Repair/replace on site
Umbilical: Repair/replace on site… but long lead time (~12mo)
WEC Hull: recover WEC, dry dock repair",StingRAY/SR-RR-0700 Mooring PD v3.0 07-25-2016.xlsx
Mooring,"Single point shackles, pendants",满足系统持续运行要求,"Connection points for Hawser lines to chain, pendant and buoy
Load transfer",,"1) Change in mooring system response and loads
2) Significantly greater watch circle
3) Loss of aft mooring line
4) Loss of umbilical connectivity (see 0800)",1,Yield/crack,Extreme load induced damage (Overload),5,2,none,"1) GPS watch circle alarm
2) Visual detection
3) Loss of umbilical connectivity；Mooring: Repair/replace on site
Umbilical: Repair/replace on site… but long lead time (~12mo)",StingRAY/SR-RR-0700 Mooring PD v3.0 07-25-2016.xlsx
Mooring,"Single point shackles, pendants",满足系统持续运行要求,"Connection points for Hawser lines to chain, pendant and buoy
Load transfer",,"1) Change in mooring system response and loads
2) Significantly greater watch circle
3) Loss of aft mooring line
4) Loss of umbilical connectivity (see 0800)",1,Yield/crack,Snap loads,4,2,none,"1) GPS watch circle alarm
2) Visual detection
3) Loss of umbilical connectivity；Mooring: Repair/replace on site
Umbilical: Repair/replace on site… but long lead time (~12mo)",StingRAY/SR-RR-0700 Mooring PD v3.0 07-25-2016.xlsx
Mooring,"Single point shackles, pendants",满足系统持续运行要求,"Connection points for Hawser lines to chain, pendant and buoy
Load transfer",,"1) Change in mooring system response and loads
2) Significantly greater watch circle
3) Loss of aft mooring line
4) Loss of umbilical connectivity (see 0800)",1,Yield/crack,Fatigue induced damage,7,2,"Regularly scheduled visual inspection, with repair/ replacement as needed","1) GPS watch circle alarm
2) Visual detection
3) Loss of umbilical connectivity；Mooring: Repair/replace on site
Umbilical: Repair/replace on site… but long lead time (~12mo)",StingRAY/SR-RR-0700 Mooring PD v3.0 07-25-2016.xlsx
Mooring,"Single point shackles, pendants",满足系统持续运行要求,"Connection points for Hawser lines to chain, pendant and buoy
Load transfer",,"1) Change in mooring system response and loads
2) Significantly greater watch circle
3) Loss of aft mooring line
4) Loss of umbilical connectivity (see 0800)",1,Yield/crack,Non-service ship strike,3,2,none,"1) GPS watch circle alarm
2) Visual detection
3) Loss of umbilical connectivity；Mooring: Repair/replace on site
Umbilical: Repair/replace on site… but long lead time (~12mo)",StingRAY/SR-RR-0700 Mooring PD v3.0 07-25-2016.xlsx
Mooring,"Single point shackles, pendants",满足系统持续运行要求,"Connection points for Hawser lines to chain, pendant and buoy
Load transfer",,"1) Change in mooring system response and loads
2) Significantly greater watch circle
3) Loss of aft mooring line
4) Loss of umbilical connectivity (see 0800)",1,Yield/crack,Vandalism/ negligence,4,2,none,"1) GPS watch circle alarm
2) Visual detection
3) Loss of umbilical connectivity；Mooring: Repair/replace on site
Umbilical: Repair/replace on site… but long lead time (~12mo)",StingRAY/SR-RR-0700 Mooring PD v3.0 07-25-2016.xlsx
Mooring,"Single point shackles, pendants",满足系统持续运行要求,"Connection points for Hawser lines to chain, pendant and buoy
Load transfer",,"1) Change in mooring system response and loads
2) Significantly greater watch circle
3) Loss of aft mooring line
4) Loss of umbilical connectivity (see 0800)",1,Yield/crack,Corrosion,7,2,"Regularly scheduled visual inspection, with repair/ replacement as needed","1) GPS watch circle alarm
2) Visual detection
3) Loss of umbilical connectivity；Mooring: Repair/replace on site
Umbilical: Repair/replace on site… but long lead time (~12mo)",StingRAY/SR-RR-0700 Mooring PD v3.0 07-25-2016.xlsx
Mooring,Bridle (hawswer lines and hardware),满足系统持续运行要求,"Constrain WEC to weathervane about the single point
Yaw stability",,"1) Loss of station keeping
2) Loss of umbilical connectivity (see 0800)
3) BOB - buoy on beach or BOTS - buoy out to sea
4) Entanglement of WEC in mooring system
5) Damage to mooring connection point at the hull area",4,Double bridle line failure (including hardware failure),Extreme load induced damage,4,2,none,"1) GPS watch circle alarm
2) Yaw direction detection
3) Mooring load cells
4) Visual detection
5) Loss of umbilical connectivity；Mooring: Repair/replace on site
Umbilical: Repair/replace on site… but long lead time (~12mo)
WEC Hull: recover WEC, dry dock repair",StingRAY/SR-RR-0700 Mooring PD v3.0 07-25-2016.xlsx
Mooring,Bridle (hawswer lines and hardware),满足系统持续运行要求,"Constrain WEC to weathervane about the single point
Yaw stability",,"1) Loss of station keeping
2) Loss of umbilical connectivity (see 0800)
3) BOB - buoy on beach or BOTS - buoy out to sea
4) Entanglement of WEC in mooring system
5) Damage to mooring connection point at the hull area",4,Double bridle line failure (including hardware failure),Snap loads,3,2,none,"1) GPS watch circle alarm
2) Yaw direction detection
3) Mooring load cells
4) Visual detection
5) Loss of umbilical connectivity；Mooring: Repair/replace on site
Umbilical: Repair/replace on site… but long lead time (~12mo)
WEC Hull: recover WEC, dry dock repair",StingRAY/SR-RR-0700 Mooring PD v3.0 07-25-2016.xlsx
Mooring,Bridle (hawswer lines and hardware),满足系统持续运行要求,"Constrain WEC to weathervane about the single point
Yaw stability",,"1) Loss of station keeping
2) Loss of umbilical connectivity (see 0800)
3) BOB - buoy on beach or BOTS - buoy out to sea
4) Entanglement of WEC in mooring system",4,Double bridle line failure (including hardware failure),"Corrosion, wear, fatigue induced damage",7,2,"Regularly scheduled visual inspection, with repair/ replacement as needed","1) GPS watch circle alarm
2) Yaw direction detection
3) Mooring load cells
4) Visual detection
5) Loss of umbilical connectivity；Mooring: Repair/replace on site
Umbilical: Repair/replace on site… but long lead time (~12mo)",StingRAY/SR-RR-0700 Mooring PD v3.0 07-25-2016.xlsx
Mooring,Bridle (hawswer lines and hardware),满足系统持续运行要求,"Constrain WEC to weathervane about the single point
Yaw stability",,"1) Loss of station keeping
2) Loss of umbilical connectivity (see 0800)
3) BOB - buoy on beach or BOTS - buoy out to sea
4) Entanglement of WEC in mooring system
5) Damage to mooring connection point at the hull area",4,Double bridle line failure (including hardware failure),Non-service ship strike,1,2,none,"1) GPS watch circle alarm
2) Yaw direction detection
3) Mooring load cells
4) Visual detection
5) Loss of umbilical connectivity；Mooring: Repair/replace on site
Umbilical: Repair/replace on site… but long lead time (~12mo)
WEC Hull: recover WEC, dry dock repair",StingRAY/SR-RR-0700 Mooring PD v3.0 07-25-2016.xlsx
Mooring,Bridle (hawswer lines and hardware),满足系统持续运行要求,"Constrain WEC to weathervane about the single point
Yaw stability",,"1) Loss of station keeping
2) Loss of umbilical connectivity (see 0800)
3) BOB - buoy on beach or BOTS - buoy out to sea
4) Entanglement of WEC in mooring system
5) Damage to mooring connection point at the hull area",4,Double bridle line failure (including hardware failure),Vandalism/ negligence,1,2,none,"1) GPS watch circle alarm
2) Yaw direction detection
3) Mooring load cells
4) Visual detection
5) Loss of umbilical connectivity；Mooring: Repair/replace on site
Umbilical: Repair/replace on site… but long lead time (~12mo)
WEC Hull: recover WEC, dry dock repair",StingRAY/SR-RR-0700 Mooring PD v3.0 07-25-2016.xlsx
Mooring,Bridle hawser lines,满足系统持续运行要求,"Constrain WEC to weathervane about the single point
Yaw stability",,"1) Change in buoy orientation
2) Reduction in power production
3) Increased load on intact line
4) Damage to mooring connection point at the hull area",1,Single bridle line failure,Extreme load induced damage (Overload),5,2,none,"1) Yaw direction detection
2) Mooring load cell
3) Visual detection；1) Repair/replace on site
2) Recover WEC, dry doc repair of hull area",StingRAY/SR-RR-0700 Mooring PD v3.0 07-25-2016.xlsx
Mooring,Bridle hawser lines,满足系统持续运行要求,"Constrain WEC to weathervane about the single point
Yaw stability",,"1) Change in buoy orientation
2) Reduction in power production
3) Increased load on intact line
4) Damage to mooring connection point at the hull area",1,Single bridle line failure,Snap loads,4,2,none,"1) Yaw direction detection
2) Mooring load cell
3) Visual detection；1) Repair/replace on site
2) Recover WEC, dry doc repair of hull area",StingRAY/SR-RR-0700 Mooring PD v3.0 07-25-2016.xlsx
Mooring,Bridle hawser lines,满足系统持续运行要求,"Constrain WEC to weathervane about the single point
Yaw stability",,"1) Change in buoy orientation
2) Reduction in power production
3) Increased load on intact line",1,Single bridle line failure,fatigue induced damage,7,2,none,"1) Yaw direction detection
2) Mooring load cell
3) Visual detection；Repair/replace on site",StingRAY/SR-RR-0700 Mooring PD v3.0 07-25-2016.xlsx
Mooring,Bridle hawser lines,满足系统持续运行要求,"Constrain WEC to weathervane about the single point
Yaw stability",,"1) Change in buoy orientation
2) Reduction in power production
3) Increased load on intact line
4) Damage to mooring connection point at the hull area",2,Single bridle line failure,Non-service ship strike,1,2,none,"1) Yaw direction detection
2) Mooring load cell
3) Visual detection；1) Repair/replace on site
2) Recover WEC, dry doc repair of hull area",StingRAY/SR-RR-0700 Mooring PD v3.0 07-25-2016.xlsx
Mooring,Bridle hawser lines,满足系统持续运行要求,"Constrain WEC to weathervane about the single point
Yaw stability",,"1) Change in buoy orientation
2) Reduction in power production
3) Increased load on intact line",1,Single bridle line failure,Fish bite,8,2,"Regularly scheduled visual inspection, with repair/ replacement as needed","1) Yaw direction detection
2) Mooring load cell
3) Visual detection；Repair/replace on site",StingRAY/SR-RR-0700 Mooring PD v3.0 07-25-2016.xlsx
Mooring,Bridle hawser lines,满足系统持续运行要求,"Constrain WEC to weathervane about the single point
Yaw stability",,"1) Change in buoy orientation
2) Reduction in power production
3) Increased load on intact line",1,Single bridle line failure,Vandalism/ negligence,1,2,none,"1) Yaw direction detection
2) Mooring load cell
3) Visual detection；Repair/replace on site",StingRAY/SR-RR-0700 Mooring PD v3.0 07-25-2016.xlsx
Mooring,Bridle hawser lines,满足系统持续运行要求,"Constrain WEC to weathervane about the single point
Yaw stability",,"1) Change in buoy orientation
2) Reduction in power production
3) Increased load on intact line",1,Single bridle line failure,Material degradation due to exposure to UV,7,2,"Regularly scheduled visual inspection, with repair/ replacement as needed","1) Yaw direction detection
2) Mooring load cell
3) Visual detection；Repair/replace on site",StingRAY/SR-RR-0700 Mooring PD v3.0 07-25-2016.xlsx
Mooring,Bridle hawser lines,满足系统持续运行要求,"Constrain WEC to weathervane about the single point
Yaw stability",,"1) Change in buoy orientation
2) Reduction in power production
3) Increased load on intact line",1,Single bridle line failure,Degradation due to Marine growth,7,2,"Regularly scheduled visual inspection, with repair/ replacement as needed","1) Yaw direction detection
2) Mooring load cell
3) Visual detection；Repair/replace on site",StingRAY/SR-RR-0700 Mooring PD v3.0 07-25-2016.xlsx
Mooring,Bridle shackles,满足系统持续运行要求,"Connection points for bridle hawser lines to WEC
Load transfer from WEC to mooring system",,"1) Change in buoy orientation
2) Reduction in power production
3) Increased load on intact line
4) Damage to mooring connection point at the hull area",1,Yield (ULS),Extreme load induced damage (Overload),5,2,none,"1) Yaw direction detection
2) Mooring load cell
3) Visual detection；1) Repair/replace on site
2) Recover WEC, dry doc repair of hull area",StingRAY/SR-RR-0700 Mooring PD v3.0 07-25-2016.xlsx
Mooring,Bridle shackles,满足系统持续运行要求,"Connection points for bridle hawser lines to WEC
Load transfer from WEC to mooring system",,"1) Change in buoy orientation
2) Reduction in power production
3) Increased load on intact line
4) Damage to mooring connection point at the hull area",1,Yield (ULS),Snap loads,4,2,none,"1) Yaw direction detection
2) Mooring load cell
3) Visual detection；1) Repair/replace on site
2) Recover WEC, dry doc repair of hull area",StingRAY/SR-RR-0700 Mooring PD v3.0 07-25-2016.xlsx
Mooring,Bridle shackles,满足系统持续运行要求,"Connection points for bridle hawser lines to WEC
Load transfer from WEC to mooring system",,"1) Change in buoy orientation
2) Reduction in power production
3) Increased load on intact line",1,Crack (FLS),fatigue induced damage,7,2,"Regularly scheduled visual inspection, with repair/ replacement as needed","1) Yaw direction detection
2) Mooring load cell
3) Visual detection",StingRAY/SR-RR-0700 Mooring PD v3.0 07-25-2016.xlsx
Mooring,Bridle shackles,满足系统持续运行要求,"Connection points for bridle hawser lines to WEC
Load transfer from WEC to mooring system",,"1) Change in buoy orientation
2) Reduction in power production
3) Increased load on intact line
4) Damage to mooring connection point at the hull area",2,Yield (ULS),Non-service ship strike,1,2,none,"1) Yaw direction detection
2) Mooring load cell
3) Visual detection；1) Repair/replace on site
2) Recover WEC, dry doc repair of hull area",StingRAY/SR-RR-0700 Mooring PD v3.0 07-25-2016.xlsx
Mooring,Bridle shackles,满足系统持续运行要求,"Connection points for bridle hawser lines to WEC
Load transfer from WEC to mooring system",,"1) Change in buoy orientation
2) Reduction in power production
3) Increased load on intact line",1,varies,Vandalism/ negligence,1,2,none,"1) Yaw direction detection
2) Mooring load cell
3) Visual detection；Repair/replace on site",StingRAY/SR-RR-0700 Mooring PD v3.0 07-25-2016.xlsx
Mooring,Bridle shackles,满足系统持续运行要求,"Connection points for bridle hawser lines to WEC
Load transfer from WEC to mooring system",,"1) Change in buoy orientation
2) Reduction in power production
3) Increased load on intact line",1,crack / yield,Corrosion,7,2,"Regularly scheduled visual inspection, with repair/ replacement as needed","1) Yaw direction detection
2) Mooring load cell
3) Visual detection；Repair/replace on site",StingRAY/SR-RR-0700 Mooring PD v3.0 07-25-2016.xlsx
Mooring,Tether Chain,满足系统持续运行要求,"Connecting tether line poly line segments
Provide restoring force in the mooring system",,"1) Loss of WEC orientation and equilibrium position
2) Entanglement of WEC in mooring system
3) Possible loss of umbilical connectivity (see 0800)
4) Damage to mooring connection point at the hull area",1,crack/yield,Extreme load induced damage (Overload),5,2,none,"1) GPS watch circle alarm
2) Mooring load cell
3) Visual detection
4) loss of umibilical connectivity；Mooring: Repair/replace on site
Umbilical: Repair/replace on site… but long lead time (~12mo)",StingRAY/SR-RR-0700 Mooring PD v3.0 07-25-2016.xlsx
Mooring,Tether Chain,满足系统持续运行要求,"Connecting tether line poly line segments
Provide restoring force in the mooring system",,"1) Loss of WEC orientation and equilibrium position
2) Entanglement of WEC in mooring system
3) Possible loss of umbilical connectivity (see 0800)
4) Damage to mooring connection point at the hull area",1,crack/yield,Snap loads,4,2,none,"1) GPS watch circle alarm
2) Mooring load cell
3) Visual detection
4) loss of umibilical connectivity；Mooring: Repair/replace on site
Umbilical: Repair/replace on site… but long lead time (~12mo)",StingRAY/SR-RR-0700 Mooring PD v3.0 07-25-2016.xlsx
Mooring,Tether Chain,满足系统持续运行要求,"Connecting tether line poly line segments
Provide restoring force in the mooring system",,"1) Loss of WEC orientation and equilibrium position
2) Entanglement of WEC in mooring system
3) Possible loss of umbilical connectivity (see 0800)
4) Damage to mooring connection point at the hull area",1,crack/yield,fatigue induced damage,7,2,"Regularly scheduled visual inspection, with repair/ replacement as needed","1) GPS watch circle alarm
2) Mooring load cell
3) Visual detection
4) loss of umibilical connectivity；Mooring: Repair/replace on site
Umbilical: Repair/replace on site… but long lead time (~12mo)",StingRAY/SR-RR-0700 Mooring PD v3.0 07-25-2016.xlsx
Mooring,Tether Chain,满足系统持续运行要求,"Connecting tether line poly line segments
Provide restoring force in the mooring system",,"1) Loss of WEC orientation and equilibrium position
2) Entanglement of WEC in mooring system
3) Possible loss of umbilical connectivity (see 0800)
4) Damage to mooring connection point at the hull area",1,crack/yield,Non-service ship strike,3,2,none,"1) GPS watch circle alarm
2) Mooring load cell
3) Visual detection
4) loss of umibilical connectivity；Mooring: Repair/replace on site
Umbilical: Repair/replace on site… but long lead time (~12mo)",StingRAY/SR-RR-0700 Mooring PD v3.0 07-25-2016.xlsx
Mooring,Tether Chain,满足系统持续运行要求,"Connecting tether line poly line segments
Provide restoring force in the mooring system",,"1) Loss of WEC orientation and equilibrium position
2) Entanglement of WEC in mooring system
3) Possible loss of umbilical connectivity (see 0800)",1,crack/yield,Corrosion,7,2,"Regularly scheduled visual inspection, with repair/ replacement as needed","1) GPS watch circle alarm
2) Mooring load cell
3) Visual detection
4) loss of umibilical connectivity；Mooring: Repair/replace on site
Umbilical: Repair/replace on site… but long lead time (~12mo)",StingRAY/SR-RR-0700 Mooring PD v3.0 07-25-2016.xlsx
Mooring,Tether lines,满足系统持续运行要求,"Load transfer from WEC to WETS moorings
Provide restoring force for position keeping",,"1) Loss of WEC orientation and equilibrium position
2) Entanglement of WEC in mooring system
3) Possible loss of umbilical connectivity (see 0800)
4) Possible damage to WEC",1,Line break,Extreme load induced damage (Overload),5,2,none,"1) GPS watch circle alarm
2) Mooring load cell
3) Visual detection
4) loss of umibilical connectivity；Mooring: Repair/replace on site
Umbilical: Repair/replace on site… but long lead time (~12mo)
WEC Hull: recover WEC, dry dock repair",StingRAY/SR-RR-0700 Mooring PD v3.0 07-25-2016.xlsx
Mooring,Tether lines,满足系统持续运行要求,"Load transfer from WEC to WETS moorings
Provide restoring force for position keeping",,"1) Loss of WEC orientation and equilibrium position
2) Entanglement of WEC in mooring system
3) Possible loss of umbilical connectivity (see 0800)
4) Possible damage to WEC",1,Line break,Snap loads,4,2,none,"1) GPS watch circle alarm
2) Mooring load cell
3) Visual detection
4) loss of umibilical connectivity；Mooring: Repair/replace on site
Umbilical: Repair/replace on site… but long lead time (~12mo)
WEC Hull: recover WEC, dry dock repair",StingRAY/SR-RR-0700 Mooring PD v3.0 07-25-2016.xlsx
Mooring,Tether lines,满足系统持续运行要求,"Load transfer from WEC to WETS moorings
Provide restoring force for position keeping",,"1) Loss of WEC orientation and equilibrium position
2) Entanglement of WEC in mooring system
3) Possible loss of umbilical connectivity (see 0800)",1,Line break,fatigue induced damage,7,2,none,"1) GPS watch circle alarm
2) Mooring load cell
3) Visual detection
4) loss of umibilical connectivity；Mooring: Repair/replace on site
Umbilical: Repair/replace on site… but long lead time (~12mo)",StingRAY/SR-RR-0700 Mooring PD v3.0 07-25-2016.xlsx
Mooring,Tether lines,满足系统持续运行要求,"Load transfer from WEC to WETS moorings
Provide restoring force for position keeping",,"1) Loss of WEC orientation and equilibrium position
2) Entanglement of WEC in mooring system
3) Possible loss of umbilical connectivity (see 0800)
4) Possible damage to WEC",1,Line break,Non-service ship strike,3,2,none,"1) GPS watch circle alarm
2) Mooring load cell
3) Visual detection
4) loss of umibilical connectivity；Mooring: Repair/replace on site
Umbilical: Repair/replace on site… but long lead time (~12mo)
WEC Hull: recover WEC, dry dock repair",StingRAY/SR-RR-0700 Mooring PD v3.0 07-25-2016.xlsx
Mooring,Tether lines,满足系统持续运行要求,"Load transfer from WEC to WETS moorings
Provide restoring force for position keeping",,"1) Loss of WEC orientation and equilibrium position
2) Entanglement of WEC in mooring system
3) Possible loss of umbilical connectivity (see 0800)",1,Line break,Fish bite,8,2,none,"1) GPS watch circle alarm
2) Mooring load cell
3) Visual detection
4) loss of umibilical connectivity；Mooring: Repair/replace on site
Umbilical: Repair/replace on site… but long lead time (~12mo)",StingRAY/SR-RR-0700 Mooring PD v3.0 07-25-2016.xlsx
Mooring,Tether lines,满足系统持续运行要求,"Load transfer from WEC to WETS moorings
Provide restoring force for position keeping",,"1) Loss of WEC orientation and equilibrium position
2) Entanglement of WEC in mooring system
3) Possible loss of umbilical connectivity (see 0800)",1,Line break,Vandalism/ negligence,4,2,none,"1) GPS watch circle alarm
2) Mooring load cell
3) Visual detection
4) loss of umibilical connectivity；Mooring: Repair/replace on site
Umbilical: Repair/replace on site… but long lead time (~12mo)",StingRAY/SR-RR-0700 Mooring PD v3.0 07-25-2016.xlsx
Mooring,Tether lines,满足系统持续运行要求,"Load transfer from WEC to WETS moorings
Provide restoring force for position keeping",,"1) Loss of WEC orientation and equilibrium position
2) Entanglement of WEC in mooring system
3) Possible loss of umbilical connectivity (see 0800)",1,Line break,Material degradation due to exposure to UV,7,2,"Regularly scheduled visual inspection, with repair/ replacement as needed","1) GPS watch circle alarm
2) Mooring load cell
3) Visual detection
4) loss of umibilical connectivity；Mooring: Repair/replace on site
Umbilical: Repair/replace on site… but long lead time (~12mo)",StingRAY/SR-RR-0700 Mooring PD v3.0 07-25-2016.xlsx
Mooring,Tether lines,满足系统持续运行要求,"Load transfer from WEC to WETS moorings
Provide restoring force for position keeping",,"1) Loss of WEC orientation and equilibrium position
2) Entanglement of WEC in mooring system
3) Possible loss of umbilical connectivity (see 0800)",1,Line break,Degradation due to marine growth,7,2,"Regularly scheduled visual inspection, with repair/ replacement as needed","1) GPS watch circle alarm
2) Mooring load cell
3) Visual detection
4) loss of umibilical connectivity；Mooring: Repair/replace on site
Umbilical: Repair/replace on site… but long lead time (~12mo)",StingRAY/SR-RR-0700 Mooring PD v3.0 07-25-2016.xlsx
Mooring,Tether Shackles and pendant,满足系统持续运行要求,"Connection points for polyester lines to chain, pendant and buoy
Load transfer",,"1) Loss of WEC orientation and equilibrium position
2) Entanglement of WEC in mooring system
3) Possible loss of umbilical connectivity (see 0800)
4) Possible damage to WEC",1,Yield/crack,Extreme load induced damage (Overload),5,2,none,"1) GPS watch circle alarm
2) Mooring load cell
3) Visual detection
4) loss of umibilical connectivity；Mooring: Repair/replace on site
Umbilical: Repair/replace on site… but long lead time (~12mo)
WEC Hull: recover WEC, dry dock repair",StingRAY/SR-RR-0700 Mooring PD v3.0 07-25-2016.xlsx
Mooring,Tether Shackles and pendant,满足系统持续运行要求,"Connection points for polyester lines to chain, pendant and buoy
Load transfer",,"1) Loss of WEC orientation and equilibrium position
2) Entanglement of WEC in mooring system
3) Possible loss of umbilical connectivity (see 0800)
4) Possible damage to WEC",1,Yield/crack,Snap loads,4,2,none,"1) GPS watch circle alarm
2) Mooring load cell
3) Visual detection
4) loss of umibilical connectivity；Mooring: Repair/replace on site
Umbilical: Repair/replace on site… but long lead time (~12mo)
WEC Hull: recover WEC, dry dock repair",StingRAY/SR-RR-0700 Mooring PD v3.0 07-25-2016.xlsx
Mooring,Tether Shackles and pendant,满足系统持续运行要求,"Connection points for polyester lines to chain, pendant and buoy
Load transfer",,"1) Loss of WEC orientation and equilibrium position
2) Entanglement of WEC in mooring system
3) Possible loss of umbilical connectivity (see 0800)",1,Yield/crack,fatigue induced damage,7,2,none,"1) GPS watch circle alarm
2) Mooring load cell
3) Visual detection
4) loss of umibilical connectivity；Mooring: Repair/replace on site
Umbilical: Repair/replace on site… but long lead time (~12mo)",StingRAY/SR-RR-0700 Mooring PD v3.0 07-25-2016.xlsx
Mooring,Tether Shackles and pendant,满足系统持续运行要求,"Connection points for polyester lines to chain, pendant and buoy
Load transfer",,"1) Loss of WEC orientation and equilibrium position
2) Entanglement of WEC in mooring system
3) Possible loss of umbilical connectivity (see 0800)
4) Possible damage to WEC",1,Yield/crack,Non-service ship strike,3,2,none,"1) GPS watch circle alarm
2) Mooring load cell
3) Visual detection
4) loss of umibilical connectivity；Mooring: Repair/replace on site
Umbilical: Repair/replace on site… but long lead time (~12mo)
WEC Hull: recover WEC, dry dock repair",StingRAY/SR-RR-0700 Mooring PD v3.0 07-25-2016.xlsx
Mooring,Tether Shackles and pendant,满足系统持续运行要求,"Connection points for polyester lines to chain, pendant and buoy
Load transfer",,"1) Loss of WEC orientation and equilibrium position
2) Entanglement of WEC in mooring system
3) Possible loss of umbilical connectivity (see 0800)",1,Yield/crack,Vandalism/ negligence,4,2,"Regularly scheduled visual inspection, with repair/ replacement as needed","1) GPS watch circle alarm
2) Mooring load cell
3) Visual detection
4) loss of umibilical connectivity；Mooring: Repair/replace on site
Umbilical: Repair/replace on site… but long lead time (~12mo)",StingRAY/SR-RR-0700 Mooring PD v3.0 07-25-2016.xlsx
Mooring,Tether Shackles and pendant,满足系统持续运行要求,"Connection points for polyester lines to chain, pendant and buoy
Load transfer",,"1) Loss of WEC orientation and equilibrium position
2) Entanglement of WEC in mooring system
3) Possible loss of umbilical connectivity (see 0800)",1,Yield/crack,Corrosion,7,2,"Regularly scheduled visual inspection, with repair/ replacement as needed","1) GPS watch circle alarm
2) Mooring load cell
3) Visual detection
4) loss of umibilical connectivity；Mooring: Repair/replace on site
Umbilical: Repair/replace on site… but long lead time (~12mo)",StingRAY/SR-RR-0700 Mooring PD v3.0 07-25-2016.xlsx
Mooring,Mooring load cell,满足系统持续运行要求,Measure mooring line tension,,"1) No mooring tension data for this line
2) Lanyard takes load",1,Structural failure,Extreme load induced damage,5,2,none,1) Mooring load cell diagnostics；Replace on site,StingRAY/SR-RR-0700 Mooring PD v3.0 07-25-2016.xlsx
Mooring,Mooring load cell,满足系统持续运行要求,Measure mooring line tension,,"1) No mooring tension data for this line
2) Lanyard takes load",2,Structural failure,Non-service ship strike,1,2,none,1) Mooring load cell diagnostics；Replace on site,StingRAY/SR-RR-0700 Mooring PD v3.0 07-25-2016.xlsx
Mooring,Mooring load cell,满足系统持续运行要求,Measure mooring line tension,,"1) No mooring tension data for this line
2) Lanyard takes load",1,Structural failure,"Corrosion, fatigue induced damage",5,2,"Regularly scheduled visual inspection, with repair/ replacement as needed",1) Mooring load cell diagnostics；Replace on site,StingRAY/SR-RR-0700 Mooring PD v3.0 07-25-2016.xlsx
Mooring,Existing Anchors,满足系统持续运行要求,Anchoring point to the sea bed,,"1) Change in mooring system response and loads
2)Loss of umbilical connectivity (see 0800)",1,Anchor failure (material failure),Extreme load,4,2,none,"1) GPS position alarm
2) Visual detection
3) loss of umibilical connectivity；Mooring: Repair/replace on site
Umbilical: Repair/replace on site… but long lead time (~12mo)",StingRAY/SR-RR-0700 Mooring PD v3.0 07-25-2016.xlsx
Mooring,Existing Anchors,满足系统持续运行要求,Anchoring point to the sea bed,,"1) Change in mooring system response and loads
2)Loss of umbilical connectivity (see 0800)",1,Anchor failure (material failure),Fatigue/cyclic loading,7,2,Regularly scheduled visual inspection,"1) GPS position alarm
2) Visual detection
3) loss of umibilical connectivity；Mooring: Repair/replace on site
Umbilical: Repair/replace on site… but long lead time (~12mo)",StingRAY/SR-RR-0700 Mooring PD v3.0 07-25-2016.xlsx
Mooring,Existing Anchors,满足系统持续运行要求,Anchoring point to the sea bed,,"1) Change in mooring system response and loads
2)Loss of umbilical connectivity (see 0800)",1,Loss in anchoring capacity,sediment loss,4,2,Regularly scheduled visual inspection,"1) GPS position alarm
2) Visual detection
3) loss of umibilical connectivity；Mooring: Repair/replace on site
Umbilical: Repair/replace on site… but long lead time (~12mo)",StingRAY/SR-RR-0700 Mooring PD v3.0 07-25-2016.xlsx
Mooring,Existing Anchors,满足系统持续运行要求,Anchoring point to the sea bed,,"1) Change in mooring system response and loads
2)Loss of umbilical connectivity (see 0800)",1,Loss in anchoring capacity,Fatigue/cyclic loading,7,2,Regularly scheduled visual inspection,"1) GPS position alarm
2) Visual detection
3) loss of umibilical connectivity；Mooring: Repair/replace on site
Umbilical: Repair/replace on site… but long lead time (~12mo)",StingRAY/SR-RR-0700 Mooring PD v3.0 07-25-2016.xlsx
Mooring,Existing Chains,满足系统持续运行要求,Provide restoring force for the mooring system,,"1) Change in mooring system response and loads
2)Loss of umbilical connectivity (see 0800)
3) WEC drifts and collide with buoy, causes damage to WEC or sinking of Buoy.",1,Yield/ Crack,Extreme load,5,2,none,"1) GPS position alarm
2) Visual detection
3) loss of umibilical connectivity；Mooring: Repair/replace on site
Umbilical: Repair/replace on site… but long lead time (~12mo)
Dry dock inspection and repair of WEC.",StingRAY/SR-RR-0700 Mooring PD v3.0 07-25-2016.xlsx
Mooring,Existing Chains,满足系统持续运行要求,Provide restoring force for the mooring system,,"1) Change in mooring system response and loads
2)Loss of umbilical connectivity (see 0800)
3) WEC drifts and collide with buoy, causes damage to WEC or sinking of Buoy.",1,Yield/ Crack,Fatigue/cyclic loading,7,2,Regularly scheduled visual inspection,"1) GPS position alarm
2) Visual detection
3) loss of umibilical connectivity；Mooring: Repair/replace on site
Umbilical: Repair/replace on site… but long lead time (~12mo)
Dry dock inspection and repair of WEC.",StingRAY/SR-RR-0700 Mooring PD v3.0 07-25-2016.xlsx
Mooring,Existing Chains,满足系统持续运行要求,Provide restoring force for the mooring system,,"1) Change in mooring system response and loads
2)Loss of umbilical connectivity (see 0800)
3) WEC drifts and collide with buoy, causes damage to WEC or sinking of Buoy.",1,Yield/ Crack,Excessive load due to higher seabed friction,5,2,none,"1) GPS position alarm
2) Visual detection
3) loss of umibilical connectivity；Mooring: Repair/replace on site
Umbilical: Repair/replace on site… but long lead time (~12mo)
Dry dock inspection and repair of WEC.",StingRAY/SR-RR-0700 Mooring PD v3.0 07-25-2016.xlsx
Mooring,Existing Chains,满足系统持续运行要求,Provide restoring force for the mooring system,,"1) Change in mooring system response and loads
2)Loss of umbilical connectivity (see 0800)
3) WEC drifts and collide with buoy, causes damage to WEC or sinking of Buoy.",1,Yield/ Crack,Excessive load on the chain due to embedment of mooring chain into the seabed,5,2,Regularly scheduled visual inspection,"1) GPS position alarm
2) Visual detection
3) loss of umibilical connectivity；Mooring: Repair/replace on site
Umbilical: Repair/replace on site… but long lead time (~12mo)
Dry dock inspection and repair of WEC.",StingRAY/SR-RR-0700 Mooring PD v3.0 07-25-2016.xlsx
Mooring,Existing Floats,满足系统持续运行要求,Provide buoyancy to maintain tension in mooring lines,,"1) Loss of WEC orientation and equilibrium position
2) Entanglement of WEC in mooring system
3) Possible loss of umbilical connectivity (see 0800)",1,Collapse/loss of buoyancy,Non-service ship strike,3,2,none,"1) GPS position alarm
2) Visual detection
3) loss of umibilical connectivity；Mooring: Repair/replace on site
Umbilical: Repair/replace on site… but long lead time (~12mo)",StingRAY/SR-RR-0700 Mooring PD v3.0 07-25-2016.xlsx
Mooring,Existing Floats,满足系统持续运行要求,Provide buoyancy to maintain tension in mooring lines,,"1) Loss of WEC orientation and equilibrium position
2) Entanglement of WEC in mooring system
3) Possible loss of umbilical connectivity (see 0800)",1,Collapse/loss of buoyancy,Material degradation leading to loss of buoyancy,7,2,Regularly scheduled visual inspection,"1) GPS position alarm
2) Visual detection
3) loss of umibilical connectivity；Mooring: Repair/replace on site
Umbilical: Repair/replace on site… but long lead time (~12mo)",StingRAY/SR-RR-0700 Mooring PD v3.0 07-25-2016.xlsx
Mooring,Existing Sinkers,满足系统持续运行要求,Reduce uplift,,"Redistribution of load to other sinkers
Increased uplift force at achor, leading to anchor failure",1,Fracture,Impact on the sea floor,7,2,none,"1) GPS position alarm
2) Visual detection
3) loss of umibilical connectivity；Mooring: Repair/replace on site
Umbilical: Repair/replace on site… but long lead time (~12mo)",StingRAY/SR-RR-0700 Mooring PD v3.0 07-25-2016.xlsx
Mooring,Existing Sinkers,满足系统持续运行要求,Reduce uplift,,"Redistribution of load to other sinkers
Increased uplift force at achor, leading to anchor failure",1,Fracture,Snap load,5,2,none,"1) GPS position alarm
2) Visual detection
3) loss of umibilical connectivity；Mooring: Repair/replace on site
Umbilical: Repair/replace on site… but long lead time (~12mo)",StingRAY/SR-RR-0700 Mooring PD v3.0 07-25-2016.xlsx
Mooring,Existing Sinkers,满足系统持续运行要求,Reduce uplift,,"Redistribution of load to other sinkers
Increased uplift force at achor, leading to anchor failure",1,Fracture,Fatigue,7,2,Regularly scheduled visual inspection,"1) GPS position alarm
2) Visual detection
3) loss of umibilical connectivity；Mooring: Repair/replace on site
Umbilical: Repair/replace on site… but long lead time (~12mo)",StingRAY/SR-RR-0700 Mooring PD v3.0 07-25-2016.xlsx
Mooring,Existing Sinkers,满足系统持续运行要求,Reduce uplift,,"Redistribution of load to other sinkers
Increased uplift force at achor, leading to anchor failure",1,Fracture,Abrasion,5,2,Regularly scheduled visual inspection,"1) GPS position alarm
2) Visual detection
3) loss of umibilical connectivity；Mooring: Repair/replace on site
Umbilical: Repair/replace on site… but long lead time (~12mo)",StingRAY/SR-RR-0700 Mooring PD v3.0 07-25-2016.xlsx
Mooring,Existing Sinkers,满足系统持续运行要求,Reduce uplift,,"Redistribution of load to other sinkers
Increased uplift force at achor, leading to anchor failure",1,Fracture,Excessive load on the sinker chain due to embedment of sinker into the seabed,5,2,Regularly scheduled visual inspection,"1) GPS position alarm
2) Visual detection
3) loss of umibilical connectivity；Mooring: Repair/replace on site
Umbilical: Repair/replace on site… but long lead time (~12mo)",StingRAY/SR-RR-0700 Mooring PD v3.0 07-25-2016.xlsx
Mooring,Existing Shackles,满足系统持续运行要求,"Connection points between mooring lines, mooring lines and buoy.",,"1) Loss of WEC orientation and equilibrium position
2) Entanglement of WEC in mooring system
3) Possible loss of umbilical connectivity (see 0800)",1,Yield/crack,Extreme load induced damage (Overload),5,2,none,"1) GPS position alarm
2) Visual detection
3) loss of umibilical connectivity；Mooring: Repair/replace on site
Umbilical: Repair/replace on site… but long lead time (~12mo)",StingRAY/SR-RR-0700 Mooring PD v3.0 07-25-2016.xlsx
Mooring,Existing Shackles,满足系统持续运行要求,"Connection points between mooring lines, mooring lines and buoy.",,"1) Loss of WEC orientation and equilibrium position
2) Entanglement of WEC in mooring system
3) Possible loss of umbilical connectivity (see 0800)",1,Yield/crack,Snap loads,5,2,none,"1) GPS position alarm
2) Visual detection
3) loss of umibilical connectivity；Mooring: Repair/replace on site
Umbilical: Repair/replace on site… but long lead time (~12mo)",StingRAY/SR-RR-0700 Mooring PD v3.0 07-25-2016.xlsx
Mooring,Existing Shackles,满足系统持续运行要求,"Connection points between mooring lines, mooring lines and buoy.",,"1) Loss of WEC orientation and equilibrium position
2) Entanglement of WEC in mooring system
3) Possible loss of umbilical connectivity (see 0800)",1,Yield/crack,fatigue induced damage,7,2,Regularly scheduled visual inspection,"1) GPS position alarm
2) Visual detection
3) loss of umibilical connectivity；Mooring: Repair/replace on site
Umbilical: Repair/replace on site… but long lead time (~12mo)",StingRAY/SR-RR-0700 Mooring PD v3.0 07-25-2016.xlsx
Mooring,Existing Shackles,满足系统持续运行要求,"Connection points between mooring lines, mooring lines and buoy.",,"1) Loss of WEC orientation and equilibrium position
2) Entanglement of WEC in mooring system
3) Possible loss of umbilical connectivity (see 0800)",1,Yield/crack,Non-service ship strike,3,2,none,"1) GPS position alarm
2) Visual detection
3) loss of umibilical connectivity；Mooring: Repair/replace on site
Umbilical: Repair/replace on site… but long lead time (~12mo)",StingRAY/SR-RR-0700 Mooring PD v3.0 07-25-2016.xlsx
Mooring,Existing Shackles,满足系统持续运行要求,"Connection points between mooring lines, mooring lines and buoy.",,"1) Loss of WEC orientation and equilibrium position
2) Entanglement of WEC in mooring system
3) Possible loss of umbilical connectivity (see 0800)",1,Yield/crack,Corrosion,7,2,Regularly scheduled visual inspection,"1) GPS position alarm
2) Visual detection
3) loss of umibilical connectivity；Mooring: Repair/replace on site
Umbilical: Repair/replace on site… but long lead time (~12mo)",StingRAY/SR-RR-0700 Mooring PD v3.0 07-25-2016.xlsx
Collection,Umbilical Cable,满足系统持续运行要求,Provides flexible subsea medium voltage cable connection to subsea junction for grid connection,,"1) Electrical fault
2) Loss of grid 
3) 0300 switches to ""Islanding mode"" - station loads only
4) Loss of primary fibre communications
5) momentary electric arc in water (<20ms)",2,Umbilical mechanical failure,Corrosion induced damage to the tension members of the cable,7,2,Regularly scheduled ROV inspection,"1) SCADA Diagnostics
2) Visual inspection；Repair/replace on site… but long lead time (~12mo)",StingRAY/SR-RR-0800 Electrical Collection PD v3.1 02-17-2017.xlsx
Collection,Umbilical Cable,满足系统持续运行要求,Provides flexible subsea medium voltage cable connection to subsea junction for grid connection,,"1) Electrical fault
2) Loss of grid
3) 0300 switches to ""Islanding mode"" - station loads only
4) Loss of primary fibre communications
5) momentary electric arc in water (<20ms)",2,Umbilical electrical failure,"Corrosion induced damage to insulation
Phase to Phase short
Phase to GND short",7,2,Regularly scheduled ROV inspection,"1) SCADA Diagnostics
2) Visual inspection；Repair/replace on site… but long lead time (~12mo)",StingRAY/SR-RR-0800 Electrical Collection PD v3.1 02-17-2017.xlsx
Collection,Umbilical Cable,满足系统持续运行要求,Provides flexible subsea medium voltage cable connection to subsea junction for grid connection,,"1) Loss of grid
2) 0300 switches to ""Islanding mode"" - station loads only
3) Loss of primary fibre communications
4) momentary electric arc in water (<20ms)",2,Umbilical mechanical failure,Wear induced damage,7,2,Regularly scheduled ROV inspection,"1) SCADA Diagnostics
2) Visual inspection；Repair/replace on site… but long lead time (~12mo)",StingRAY/SR-RR-0800 Electrical Collection PD v3.1 02-17-2017.xlsx
Collection,Umbilical Cable,满足系统持续运行要求,Provides flexible subsea medium voltage cable connection to subsea junction for grid connection,,"1) Loss of grid
2) 0300 switches to ""Islanding mode"" - station loads only
3) Loss of primary fibre communications
4) momentary electric arc in water (<20ms)",2,Umbilical mechanical failure,Fatigue induced damage,7,2,Regularly scheduled ROV inspection,"1) SCADA Diagnostics
2) Visual inspection；Repair/replace on site… but long lead time (~12mo)",StingRAY/SR-RR-0800 Electrical Collection PD v3.1 02-17-2017.xlsx
Collection,Umbilical Cable,满足系统持续运行要求,Provides flexible subsea medium voltage cable connection to subsea junction for grid connection,,"1) Loss of grid
2) 0300 switches to ""Islanding mode"" - station loads only
3) Loss of primary fibre communications
4) momentary electric arc in water (<20ms)",2,Umbilical mechanical failure,Extreme load induced damage,5,2,Regularly scheduled ROV inspection,"1) SCADA Diagnostics
2) Visual inspection；Repair/replace on site… but long lead time (~12mo)",StingRAY/SR-RR-0800 Electrical Collection PD v3.1 02-17-2017.xlsx
Collection,Umbilical Cable,满足系统持续运行要求,Provides flexible subsea medium voltage cable connection to subsea junction for grid connection,,"1) Loss of grid
2) 0300 switches to ""Islanding mode"" - station loads only
3) Loss of primary fibre communications
4) momentary electric arc in water (<20ms)",2,Umbilical mechanical failure,Interference with mooring legs,3,2,,Repair/replace on site… but long lead time (~12mo),StingRAY/SR-RR-0800 Electrical Collection PD v3.1 02-17-2017.xlsx
Collection,Umbilical Cable,满足系统持续运行要求,Provides flexible subsea medium voltage cable connection to subsea junction for grid connection,,"1) Loss of grid connection
2) 0300 switches to ""Islanding mode"" - station loads only
3) Loss of primary fibre communications
4) momentary electric arc in water (<20ms)",2,Umbilical electrical failure,"Corrosion induced damage to insulation
Phase to Phase short
Phase to GND short",7,2,Regularly scheduled ROV inspection,"1) SCADA Diagnostics
2) Visual inspection；Repair/replace on site… but long lead time (~12mo)",StingRAY/SR-RR-0800 Electrical Collection PD v3.1 02-17-2017.xlsx
Collection,Umbilical Cable,满足系统持续运行要求,Provides flexible subsea medium voltage cable connection to subsea junction for grid connection,,"1) Loss of grid
2) 0300 switches to ""Islanding mode"" - station loads only
3) Loss of primary fibre communications
4) momentary electric arc in water (<20ms)",2,Umbilical environmental induced fault/failure,Shark bite/fish bite,6,2,Regularly scheduled ROV inspection,"1) SCADA Diagnostics
2) Visual inspection；Repair/replace on site… but long lead time (~12mo)",StingRAY/SR-RR-0800 Electrical Collection PD v3.1 02-17-2017.xlsx
Collection,Umbilical Cable,满足系统持续运行要求,Provides flexible subsea medium voltage cable connection to subsea junction for grid connection,,"1) Loss of grid
2) 0300 switches to ""Islanding mode"" - station loads only
3) Loss of primary fibre communications
4) momentary electric arc in water (<20ms)",2,Umbilical mechanical failure,0700 mooring system fault leads to failure of umbilical,9,2,Regularly scheduled ROV inspection,"1) SCADA Diagnostics
2) Visual inspection；Repair/replace on site… but long lead time (~12mo)",StingRAY/SR-RR-0800 Electrical Collection PD v3.1 02-17-2017.xlsx
Collection,Floats,满足系统持续运行要求,Provide bouyancy for umbilical cable as needed to maintain lazy-S configuration,,"1) Loss of bouyancy in cable lazy-S
2) Increased mechanical stress atWEC
3) Increased mechanical stress on cable",2,Mechanical - decrease in bouyancy,Mechanical failure - disconnection from cable,7,2,Regularly scheduled ROV inspection,"1) SCADA Diagnostics
2) Visual inspection；Repair/replace on site",StingRAY/SR-RR-0800 Electrical Collection PD v3.1 02-17-2017.xlsx
Collection,Floats,满足系统持续运行要求,Provide bouyancy for umbilical cable as needed to maintain lazy-S configuration,,"1) Loss of bouyancy in cable lazy-S
2) Increased mechanical stress atWEC
3) Increased mechanical stress on cable",2,Mechanical - decrease in bouyancy,Bio-fouling - additional weight of bio-mass,7,2,Regularly scheduled ROV inspection,"1) SCADA Diagnostics
2) Visual inspection；Repair/replace on site",StingRAY/SR-RR-0800 Electrical Collection PD v3.1 02-17-2017.xlsx
Collection,Strain reliefs,满足系统持续运行要求,"Provide mechanical strain relief at either end of the cable, attaching to the WEC and subsea junction box.",,"1) Strain is applied to cable connection location to WEC & subsea junction
2) If strain due to sea state is high, cable fatigue and failure
(See umbilical cable 0810-4)",2,Mechanical - failure of providing strain relief,Corrosion,7,2,Regularly scheduled ROV inspection,"1) SCADA Diagnostics
2) Visual inspection；Repair/replace on site",StingRAY/SR-RR-0800 Electrical Collection PD v3.1 02-17-2017.xlsx
Collection,Strain reliefs,满足系统持续运行要求,"Provide mechanical strain relief at either end of the cable, attaching to the WEC and subsea junction box.",,"1) Strain is applied to cable connection location to WEC & subsea junction
2) If strain due to sea state is high, cable fatigue and failure
(See umbilical cable 0810-4)",2,Mechanical - failure of providing strain relief,Wear induced damage,7,2,Regularly scheduled ROV inspection,"1) SCADA Diagnostics
2) Visual inspection；Repair/replace on site",StingRAY/SR-RR-0800 Electrical Collection PD v3.1 02-17-2017.xlsx
Collection,Strain reliefs,满足系统持续运行要求,"Provide mechanical strain relief at either end of the cable, attaching to the WEC and subsea junction box.",,"1) Strain is applied to cable connection location to WEC & subsea junction
2) If strain due to sea state is high, cable fatigue and failure
(See umbilical cable 0810-4)",2,Mechanical - failure of providing strain relief,Fatigue induced damage,7,2,Regularly scheduled ROV inspection,"1) SCADA Diagnostics
2) Visual inspection；Repair/replace on site",StingRAY/SR-RR-0800 Electrical Collection PD v3.1 02-17-2017.xlsx
Collection,Strain reliefs,满足系统持续运行要求,"Provide mechanical strain relief at either end of the cable, attaching to the WEC and subsea junction box.",,"1) Strain is applied to cable connection location to WEC & subsea junction
2) If strain due to sea state is high, cable fatigue and failure
(See umbilical cable 0810-4)",2,Mechanical - failure of providing strain relief,Extreme load induced damage,7,2,Regularly scheduled ROV inspection,"1) SCADA Diagnostics
2) Visual inspection；Repair/replace on site",StingRAY/SR-RR-0800 Electrical Collection PD v3.1 02-17-2017.xlsx
Collection,Spar Junction Box,满足系统持续运行要求,Located at the top of the stbd spar: The main Medium Voltage termination point between the umbilical cable (0810) and umbilical cable connection (0360),,"1) loss of mechanical connection to electrical bus
2) Electrical fault: ground fault, phase to phase fault
3) loss of grid connectoin
4) WEC switches to islanding mode",2,Mechanical - failure to provide waterproof enclosure,Corrosion,7,2,Regularly scheduled ROV inspection,"1) SCADA Diagnostics
2) Visual inspection；Repair/replace on site",StingRAY/SR-RR-0800 Electrical Collection PD v3.1 02-17-2017.xlsx
Collection,Spar Junction Box,满足系统持续运行要求,Located at the top of the stbd spar: The main Medium Voltage termination point between the umbilical cable (0810) and umbilical cable connection (0360),,"1) loss of mechanical connection to electrical bus
2) Electrical fault: ground fault, phase to phase fault
3) loss of grid connectoin
4) WEC switches to islanding mode",2,Mechanical - failure to provide waterproof enclosure,Water intrusion,7,2,Regularly scheduled ROV inspection,"1) SCADA Diagnostics
2) Visual inspection；Repair/replace on site",StingRAY/SR-RR-0800 Electrical Collection PD v3.1 02-17-2017.xlsx
Collection,Spar Junction Box,满足系统持续运行要求,Located at the top of the stbd spar: The main Medium Voltage termination point between the umbilical cable (0810) and umbilical cable connection (0360),,"1) loss of mechanical connection to electrical bus
2) Electrical fault: ground fault, phase to phase fault
3) loss of grid connectoin
4) WEC switches to islanding mode",2,Mechanical - failure to hold electrical conducts in place,Fatigue,4,2,Regularly scheduled ROV inspection,"1) SCADA Diagnostics
2) Visual inspection；Repair/replace on site",StingRAY/SR-RR-0800 Electrical Collection PD v3.1 02-17-2017.xlsx
Collection,Spar Junction Box,满足系统持续运行要求,Located at the top of the stbd spar: The main Medium Voltage termination point between the umbilical cable (0810) and umbilical cable connection (0360),,"1) loss of mechanical connection to electrical bus
2) Electrical fault: ground fault, phase to phase fault
3) loss of grid connectoin
4) WEC switches to islanding mode",2,Mechanical - failure to hold electrical conductors in place,Improper installation,4,2,Regularly scheduled ROV inspection,"1) SCADA Diagnostics
2) Visual inspection；Repair/replace on site",StingRAY/SR-RR-0800 Electrical Collection PD v3.1 02-17-2017.xlsx
Collection,Subsea Junction,满足系统持续运行要求,Electrical junction at sea floor between umbilical and subsea cable. Include connection to strain reliefs and archoring weight box. Similar in design to the existing WETS subsea junction box.,,"1) Cable no longer secured to junction location
2) electrical fault (0810)  - loss of grid power",2,Mechanical failure - failure to hold cable & cable splice in place,Corrosion,7,2,Regularly scheduled ROV inspection,"1) SCADA Diagnostics
2) Visual inspection；Repair/replace on site",StingRAY/SR-RR-0800 Electrical Collection PD v3.1 02-17-2017.xlsx
Collection,Subsea Junction,满足系统持续运行要求,Electrical junction at sea floor between umbilical and subsea cable. Include connection to strain reliefs and archoring weight box. Similar in design to the existing WETS subsea junction box.,,"1) Cable no longer secured to junction location
2) electrical fault (0810)  - loss of grid power",2,Mechanical failure - failure to hold cable & cable splice in place,Water intrusion,7,2,Regularly scheduled ROV inspection,"1) SCADA Diagnostics
2) Visual inspection；Repair/replace on site",StingRAY/SR-RR-0800 Electrical Collection PD v3.1 02-17-2017.xlsx
Collection,Subsea Junction,满足系统持续运行要求,Electrical junction at sea floor between umbilical and subsea cable. Include connection to strain reliefs and archoring weight box. Similar in design to the existing WETS subsea junction box.,,"1) Cable no longer secured to junction location
2) electrical fault (0810)  - loss of grid power",2,Mechanical failure - failure to hold cable & cable splice in place,Fatigue,7,2,Regularly scheduled ROV inspection,"1) SCADA Diagnostics
2) Visual inspection；Repair/replace on site",StingRAY/SR-RR-0800 Electrical Collection PD v3.1 02-17-2017.xlsx
Collection,Subsea Junction,满足系统持续运行要求,Electrical junction at sea floor between umbilical and subsea cable. Include connection to strain reliefs and archoring weight box. Similar in design to the existing WETS subsea junction box.,,"1) Cable no longer secured to junction location
2) electrical fault (0810)  - loss of grid power",2,Mechanical failure - failure to hold cable & cable splice in place,Improper installation,7,2,Regularly scheduled ROV inspection,"1) SCADA Diagnostics
2) Visual inspection；Repair/replace on site",StingRAY/SR-RR-0800 Electrical Collection PD v3.1 02-17-2017.xlsx
Collection,Subsea Junction,满足系统持续运行要求,Electrical junction at sea floor between umbilical and subsea cable. Include connection to strain reliefs and archoring weight box. Similar in design to the existing WETS subsea junction box.,,"1) Cable no longer secured to junction location
2) electrical fault (0810)  - loss of grid power",2,Electrical failure in insulation or cable splice assembly.,Corrosion,7,2,Regularly scheduled ROV inspection,"1) SCADA Diagnostics
2) Visual inspection；Repair/replace on site",StingRAY/SR-RR-0800 Electrical Collection PD v3.1 02-17-2017.xlsx
Collection,Subsea Junction,满足系统持续运行要求,Electrical junction at sea floor between umbilical and subsea cable. Include connection to strain reliefs and archoring weight box. Similar in design to the existing WETS subsea junction box.,,"1) Cable no longer secured to junction location
2) electrical fault (0810)  - loss of grid power",2,Electrical failure in insulation or cable splice assembly.,Water intrusion,7,2,Regularly scheduled ROV inspection,"1) SCADA Diagnostics
2) Visual inspection；Repair/replace on site",StingRAY/SR-RR-0800 Electrical Collection PD v3.1 02-17-2017.xlsx
Collection,Subsea Junction,满足系统持续运行要求,Electrical junction at sea floor between umbilical and subsea cable. Include connection to strain reliefs and archoring weight box. Similar in design to the existing WETS subsea junction box.,,"1) Cable no longer secured to junction location
2) electrical fault (0810)  - loss of grid power",2,Electrical failure in insulation or cable splice assembly.,Fatigue,7,2,Regularly scheduled ROV inspection,"1) SCADA Diagnostics
2) Visual inspection；Repair/replace on site",StingRAY/SR-RR-0800 Electrical Collection PD v3.1 02-17-2017.xlsx
Collection,Subsea Junction,满足系统持续运行要求,Electrical junction at sea floor between umbilical and subsea cable. Include connection to strain reliefs and archoring weight box. Similar in design to the existing WETS subsea junction box.,,"1) Cable no longer secured to junction location
2) electrical fault (0810)  - loss of grid power",2,Electrical failure in insulation or cable splice assembly.,Improper installation,7,2,Regularly scheduled ROV inspection,"1) SCADA Diagnostics
2) Visual inspection；Repair/replace on site",StingRAY/SR-RR-0800 Electrical Collection PD v3.1 02-17-2017.xlsx
Collection,Subsea cable - between junction boxes,满足系统持续运行要求,Cable between subsea junction box and WETS subsea junction box. Includes interface details for connectoin to WETS,,1) Electrical fault - grid connection breakers open,2,Electrical fault,Improper installation,6,2,Regularly scheduled ROV inspection,"1) SCADA Diagnostics
2) Visual inspection；Repair/replace on site",StingRAY/SR-RR-0800 Electrical Collection PD v3.1 02-17-2017.xlsx
Collection,Subsea cable - between junction boxes,满足系统持续运行要求,Cable between subsea junction box and WETS subsea junction box. Includes interface details for connectoin to WETS,,1) Electrical fault - grid connection breakers open,2,Electrical fault,Manufacturing flaw,6,2,Regularly scheduled ROV inspection,"1) SCADA Diagnostics
2) Visual inspection；Repair/replace on site",StingRAY/SR-RR-0800 Electrical Collection PD v3.1 02-17-2017.xlsx
Rope & Pulley PTO,Belt,满足系统持续运行要求,,,3.0,1,Deformation,Fatigue,4,2,,,Zenodo/AllRopePulleyPTO
Rope & Pulley PTO,Belt,满足系统持续运行要求,,,3.0,1,Fracture/Separation,Wear,4,2,,,Zenodo/AllRopePulleyPTO
Rope & Pulley PTO,Belt,满足系统持续运行要求,,,2.0,1,Surface Damage,Creep,5,2,,,Zenodo/AllRopePulleyPTO
Rope & Pulley PTO,Pulley,满足系统持续运行要求,,,3.0,2,Deformation,Fatigue,3,2,,,Zenodo/AllRopePulleyPTO
Rope & Pulley PTO,Pulley,满足系统持续运行要求,,,3.0,2,Fracture/Separation,Wear,3,2,,,Zenodo/AllRopePulleyPTO
Rope & Pulley PTO,Pulley,满足系统持续运行要求,,,2.0,2,Surface Damage,Misalignment,4,2,,,Zenodo/AllRopePulleyPTO
Rope & Pulley PTO,Rotary bearing unit,满足系统持续运行要求,,,3.0,2,Deformation,Fatigue,3,2,,,Zenodo/AllRopePulleyPTO
Rope & Pulley PTO,Rotary bearing unit,满足系统持续运行要求,,,3.0,2,Fracture/Separation,Wear,3,2,,,Zenodo/AllRopePulleyPTO
Rope & Pulley PTO,Rotary bearing unit,满足系统持续运行要求,,,2.0,2,Surface Damage,Misalignment,4,2,,,Zenodo/AllRopePulleyPTO
Rope & Pulley PTO,Shaft,满足系统持续运行要求,,,3.0,2,Deformation,Fatigue,3,2,,,Zenodo/AllRopePulleyPTO
Rope & Pulley PTO,Shaft,满足系统持续运行要求,,,3.0,2,Fracture/Separation,Wear,3,2,,,Zenodo/AllRopePulleyPTO
Rope & Pulley PTO,Shaft,满足系统持续运行要求,,,2.0,2,Surface Damage,Misalignment,3,2,,,Zenodo/AllRopePulleyPTO
Ball Screw PTO,Screw nut assembly,满足系统持续运行要求,,,3.0,3,Deformation,Fatigue,3,2,,,Zenodo/AllBallScrewPTO
Ball Screw PTO,Screw nut assembly,满足系统持续运行要求,,,3.0,3,Fracture/Separation,Wear,4,2,,,Zenodo/AllBallScrewPTO
Ball Screw PTO,Screw nut assembly,满足系统持续运行要求,,,2.0,3,Surface Damage,Misalignment,4,2,,,Zenodo/AllBallScrewPTO
Ball Screw PTO,Gear,满足系统持续运行要求,,,3.0,2,Deformation,Fatigue,3,2,,,Zenodo/AllBallScrewPTO
Ball Screw PTO,Gear,满足系统持续运行要求,,,3.0,2,Fracture/Separation,Wear,4,2,,,Zenodo/AllBallScrewPTO
Ball Screw PTO,Gear,满足系统持续运行要求,,,2.0,2,Surface Damage,Misalignment,4,2,,,Zenodo/AllBallScrewPTO
Ball Screw PTO,Screw and rail assembly,满足系统持续运行要求,,,3.0,2,Deformation,Fatigue,3,2,,,Zenodo/AllBallScrewPTO
Ball Screw PTO,Screw and rail assembly,满足系统持续运行要求,,,3.0,2,Fracture/Separation,Wear,3,2,,,Zenodo/AllBallScrewPTO
Ball Screw PTO,Screw and rail assembly,满足系统持续运行要求,,,2.0,2,Surface Damage,Misalignment,4,2,,,Zenodo/AllBallScrewPTO
Ball Screw PTO,Shaft,满足系统持续运行要求,,,3.0,2,Deformation,Fatigue,3,2,,,Zenodo/AllBallScrewPTO
Ball Screw PTO,Shaft,满足系统持续运行要求,,,3.0,2,Fracture/Separation,Wear,3,2,,,Zenodo/AllBallScrewPTO
Ball Screw PTO,Shaft,满足系统持续运行要求,,,2.0,2,Surface Damage,Misalignment,3,2,,,Zenodo/AllBallScrewPTO
Rack & Pinion PTO,Rotary bearing unit,满足系统持续运行要求,,,3.0,2,Deformation,Fatigue,3,2,,,Zenodo/AllRack&PinionPTO
Rack & Pinion PTO,Rotary bearing unit,满足系统持续运行要求,,,3.0,2,Fracture/Separation,Wear,3,2,,,Zenodo/AllRack&PinionPTO
Rack & Pinion PTO,Rotary bearing unit,满足系统持续运行要求,,,2.0,2,Surface Damage,Misalignment,4,2,,,Zenodo/AllRack&PinionPTO
Rack & Pinion PTO,Gear,满足系统持续运行要求,,,3.0,2,Deformation,Fatigue,3,2,,,Zenodo/AllRack&PinionPTO
Rack & Pinion PTO,Gear,满足系统持续运行要求,,,3.0,2,Fracture/Separation,Wear,4,2,,,Zenodo/AllRack&PinionPTO
Rack & Pinion PTO,Gear,满足系统持续运行要求,,,2.0,2,Surface Damage,Misalignment,4,2,,,Zenodo/AllRack&PinionPTO
Rack & Pinion PTO,Linear bearing unit,满足系统持续运行要求,,,3.0,2,Deformation,Fatigue,3,2,,,Zenodo/AllRack&PinionPTO
Rack & Pinion PTO,Linear bearing unit,满足系统持续运行要求,,,3.0,2,Fracture/Separation,Wear,3,2,,,Zenodo/AllRack&PinionPTO
Rack & Pinion PTO,Linear bearing unit,满足系统持续运行要求,,,2.0,2,Surface Damage,Misalignment,4,2,,,Zenodo/AllRack&PinionPTO
Rack & Pinion PTO,Shaft,满足系统持续运行要求,,,3.0,2,Deformation,Fatigue,3,2,,,Zenodo/AllRack&PinionPTO
Rack & Pinion PTO,Shaft,满足系统持续运行要求,,,3.0,2,Fracture/Separation,Wear,3,2,,,Zenodo/AllRack&PinionPTO
Rack & Pinion PTO,Shaft,满足系统持续运行要求,,,2.0,2,Surface Damage,Misalignment,3,2,,,Zenodo/AllRack&PinionPTO
Rack & Pinion PTO,Rail Assembly,满足系统持续运行要求,,,3.0,3,Deformation,Fatigue,3,2,,,Zenodo/AllRack&PinionPTO
Rack & Pinion PTO,Rail Assembly,满足系统持续运行要求,,,3.0,3,Fracture/Separation,Wear,4,2,,,Zenodo/AllRack&PinionPTO
Rack & Pinion PTO,Rail Assembly,满足系统持续运行要求,,,2.0,3,Surface Damage,Misalignment,4,2,,,Zenodo/AllRack&PinionPTO
HYDRAULIC PTO,Hydraulic linear actuator,满足系统持续运行要求,,,,2,External Leakage,Excessive Side Load,4,2,,,Zenodo/ AllHydraulicPTO w Ele.Generat
HYDRAULIC PTO,Hydraulic linear actuator,满足系统持续运行要求,,,,2,Internal Leakage,Seals Failure,4,2,,,Zenodo/ AllHydraulicPTO w Ele.Generat
HYDRAULIC PTO,Hydraulic linear actuator,满足系统持续运行要求,,,,2,Spurious Position Change,Rod Corrosion,3,2,,,Zenodo/ AllHydraulicPTO w Ele.Generat
HYDRAULIC PTO,Hydraulic linear actuator,满足系统持续运行要求,,,,2,Jamming,Fatigue,3,2,,,Zenodo/ AllHydraulicPTO w Ele.Generat
HYDRAULIC PTO,Hydraulic linear actuator,满足系统持续运行要求,,,,2,Aeration,Contamination,4,2,,,Zenodo/ AllHydraulicPTO w Ele.Generat
HYDRAULIC PTO,Hydraulic linear actuator,满足系统持续运行要求,,,,2,Mechanical Failure,High Pressure,4,2,,,Zenodo/ AllHydraulicPTO w Ele.Generat
HYDRAULIC PTO,Hydraulic linear actuator,满足系统持续运行要求,,,,2,Bearing Failure,,4,2,,,Zenodo/ AllHydraulicPTO w Ele.Generat
HYDRAULIC PTO,Valves (general),满足系统持续运行要求,,,,2,Abnormal instrument reading,Clearance/alignment failure,4,2,,,Zenodo/ AllHydraulicPTO w Ele.Generat
HYDRAULIC PTO,Valves (general),满足系统持续运行要求,,,,4,Delayed operation,Combined causes,4,2,,,Zenodo/ AllHydraulicPTO w Ele.Generat
HYDRAULIC PTO,Valves (general),满足系统持续运行要求,,,,4,External leakage- Process medium,Contamination,4,2,,,Zenodo/ AllHydraulicPTO w Ele.Generat
HYDRAULIC PTO,Valves (general),满足系统持续运行要求,,,,4,External leakage- utility medium,Control failure,4,2,,,Zenodo/ AllHydraulicPTO w Ele.Generat
HYDRAULIC PTO,Valves (general),满足系统持续运行要求,,,,1,Fail to close on demand,Corrosion,3,2,,,Zenodo/ AllHydraulicPTO w Ele.Generat
HYDRAULIC PTO,Valves (general),满足系统持续运行要求,,,,4,Fail to open on demand,Deformation,4,2,,,Zenodo/ AllHydraulicPTO w Ele.Generat
HYDRAULIC PTO,Valves (general),满足系统持续运行要求,,,,1,Fail to regulate,Electrical failure-general,3,2,,,Zenodo/ AllHydraulicPTO w Ele.Generat
HYDRAULIC PTO,Valves (general),满足系统持续运行要求,,,,4,Interal leakage,Faulty signal/indication/alarm,4,2,,,Zenodo/ AllHydraulicPTO w Ele.Generat
HYDRAULIC PTO,Valves (general),满足系统持续运行要求,,,,3,Minor in-service problems,Instrument failure-genera,4,2,,,Zenodo/ AllHydraulicPTO w Ele.Generat
HYDRAULIC PTO,Valves (general),满足系统持续运行要求,,,,3,other,Leakage,4,2,,,Zenodo/ AllHydraulicPTO w Ele.Generat
HYDRAULIC PTO,Valves (general),满足系统持续运行要求,,,,2,Spurious operation,Losseness,4,2,,,Zenodo/ AllHydraulicPTO w Ele.Generat
HYDRAULIC PTO,Valves (general),满足系统持续运行要求,,,,1,Structural deficiency,Material failure-general,3,2,,,Zenodo/ AllHydraulicPTO w Ele.Generat
HYDRAULIC PTO,Valves (general),满足系统持续运行要求,,,,1,Unknown,Mechanical failure-general,3,2,,,Zenodo/ AllHydraulicPTO w Ele.Generat
HYDRAULIC PTO,Valves (general),满足系统持续运行要求,,,,2,Valve leakage in closed position,Miscellaneous-general,3,2,,,Zenodo/ AllHydraulicPTO w Ele.Generat
HYDRAULIC PTO,Filter,满足系统持续运行要求,,,,2,Abnormal Instrument Reading,Blocked/Plugged,4,2,,,Zenodo/ AllHydraulicPTO w Ele.Generat
HYDRAULIC PTO,Filter,满足系统持续运行要求,,,,2,External Leakage,Material Failure,4,2,,,Zenodo/ AllHydraulicPTO w Ele.Generat
HYDRAULIC PTO,Filter,满足系统持续运行要求,,,,2,Fail to Clean,Instrument Failure,5,2,,,Zenodo/ AllHydraulicPTO w Ele.Generat
HYDRAULIC PTO,Manifold (connector & Valve isolation),满足系统持续运行要求,,,,1,External leakage- Process medium,Losseness,4,2,,,Zenodo/ AllHydraulicPTO w Ele.Generat
HYDRAULIC PTO,Reciprocating pump,满足系统持续运行要求,,,,1,Abnormal instrument reading,Blockage/plugged,4,2,,,Zenodo/ AllHydraulicPTO w Ele.Generat
HYDRAULIC PTO,Reciprocating pump,满足系统持续运行要求,,,,3,Breakdown,Breakage,5,2,,,Zenodo/ AllHydraulicPTO w Ele.Generat
HYDRAULIC PTO,Reciprocating pump,满足系统持续运行要求,,,,2,Erratic output,Burst,4,2,,,Zenodo/ AllHydraulicPTO w Ele.Generat
HYDRAULIC PTO,Reciprocating pump,满足系统持续运行要求,,,,3,External leakage-process,Clearance/alignment,5,2,,,Zenodo/ AllHydraulicPTO w Ele.Generat
HYDRAULIC PTO,Reciprocating pump,满足系统持续运行要求,,,,3,Eternal leakage- Utility medium,Faulty signal/indication/alarm,4,2,,,Zenodo/ AllHydraulicPTO w Ele.Generat
HYDRAULIC PTO,Reciprocating pump,满足系统持续运行要求,,,,3,Fail to star on demand,Leakage,4,2,,,Zenodo/ AllHydraulicPTO w Ele.Generat
HYDRAULIC PTO,Reciprocating pump,满足系统持续运行要求,,,,3,Internal leakage,Losseness,4,2,,,Zenodo/ AllHydraulicPTO w Ele.Generat
HYDRAULIC PTO,Reciprocating pump,满足系统持续运行要求,,,,2,Low output,Material failure-general,4,2,,,Zenodo/ AllHydraulicPTO w Ele.Generat
HYDRAULIC PTO,Reciprocating pump,满足系统持续运行要求,,,,1,Minor in-service problems,Mechanical failure-general,4,2,,,Zenodo/ AllHydraulicPTO w Ele.Generat
HYDRAULIC PTO,Reciprocating pump,满足系统持续运行要求,,,,2,Noise,Miscellaneous- general,4,2,,,Zenodo/ AllHydraulicPTO w Ele.Generat
HYDRAULIC PTO,Reciprocating pump,满足系统持续运行要求,,,,2,other,No cause found,4,2,,,Zenodo/ AllHydraulicPTO w Ele.Generat
HYDRAULIC PTO,Reciprocating pump,满足系统持续运行要求,,,,2,Parameter deviation,Other,5,2,,,Zenodo/ AllHydraulicPTO w Ele.Generat
HYDRAULIC PTO,Reciprocating pump,满足系统持续运行要求,,,,3,Plugged/chocked,Overheating,4,2,,,Zenodo/ AllHydraulicPTO w Ele.Generat
HYDRAULIC PTO,Reciprocating pump,满足系统持续运行要求,,,,3,Spurious stop,Unknown,4,2,,,Zenodo/ AllHydraulicPTO w Ele.Generat
HYDRAULIC PTO,Reciprocating pump,满足系统持续运行要求,,,,2,Vibration,Vibration,4,2,,,Zenodo/ AllHydraulicPTO w Ele.Generat
HYDRAULIC PTO,Centrifugal Pump,满足系统持续运行要求,,,,1,Abnormal instrument reading,Blockage/plugged,5,2,,,Zenodo/ AllHydraulicPTO w Ele.Generat
HYDRAULIC PTO,Centrifugal Pump,满足系统持续运行要求,,,,2,Breakdown,Breakage,4,2,,,Zenodo/ AllHydraulicPTO w Ele.Generat
HYDRAULIC PTO,Centrifugal Pump,满足系统持续运行要求,,,,1,Erratic output,Cleanrance/alignment failure,4,2,,,Zenodo/ AllHydraulicPTO w Ele.Generat
HYDRAULIC PTO,Centrifugal Pump,满足系统持续运行要求,,,,1,External leakage-process,Contamination,5,2,,,Zenodo/ AllHydraulicPTO w Ele.Generat
HYDRAULIC PTO,Centrifugal Pump,满足系统持续运行要求,,,,1,External leakage- utility,Control failure,5,2,,,Zenodo/ AllHydraulicPTO w Ele.Generat
HYDRAULIC PTO,Centrifugal Pump,满足系统持续运行要求,,,,2,Fail to star on demand,Corrosion,4,2,,,Zenodo/ AllHydraulicPTO w Ele.Generat
HYDRAULIC PTO,Centrifugal Pump,满足系统持续运行要求,,,,1,Fail to stop,Erosion,3,2,,,Zenodo/ AllHydraulicPTO w Ele.Generat
HYDRAULIC PTO,Centrifugal Pump,满足系统持续运行要求,,,,2,High output,Faulty signal/indication/alarm,3,2,,,Zenodo/ AllHydraulicPTO w Ele.Generat
HYDRAULIC PTO,Centrifugal Pump,满足系统持续运行要求,,,,1,Internal leakage,Instrument failure-genral,4,2,,,Zenodo/ AllHydraulicPTO w Ele.Generat
HYDRAULIC PTO,Centrifugal Pump,满足系统持续运行要求,,,,1,Low output,Leakage,4,2,,,Zenodo/ AllHydraulicPTO w Ele.Generat
HYDRAULIC PTO,Centrifugal Pump,满足系统持续运行要求,,,,1,Minor in service problem,Looseness,5,2,,,Zenodo/ AllHydraulicPTO w Ele.Generat
HYDRAULIC PTO,Centrifugal Pump,满足系统持续运行要求,,,,1,Noise,Material failure-general,3,2,,,Zenodo/ AllHydraulicPTO w Ele.Generat
HYDRAULIC PTO,Centrifugal Pump,满足系统持续运行要求,,,,1,Overheating,Mechanical failure-general,4,2,,,Zenodo/ AllHydraulicPTO w Ele.Generat
HYDRAULIC PTO,Centrifugal Pump,满足系统持续运行要求,,,,1,Parameter deviatio,No signal/indication/alarm,4,2,,,Zenodo/ AllHydraulicPTO w Ele.Generat
HYDRAULIC PTO,Centrifugal Pump,满足系统持续运行要求,,,,1,Plugged/chocked,Out of adjustment,4,2,,,Zenodo/ AllHydraulicPTO w Ele.Generat
HYDRAULIC PTO,Centrifugal Pump,满足系统持续运行要求,,,,1,Spurious stop,Vibration,4,2,,,Zenodo/ AllHydraulicPTO w Ele.Generat
HYDRAULIC PTO,Centrifugal Pump,满足系统持续运行要求,,,,1,Structrual deficiency,Wear,4,2,,,Zenodo/ AllHydraulicPTO w Ele.Generat
HYDRAULIC PTO,Centrifugal Pump,满足系统持续运行要求,,,,1,Unknown,Other,4,2,,,Zenodo/ AllHydraulicPTO w Ele.Generat
HYDRAULIC PTO,Centrifugal Pump,满足系统持续运行要求,,,,2,Vibration,Unknown,4,2,,,Zenodo/ AllHydraulicPTO w Ele.Generat
HYDRAULIC PTO,Centrifugal Pump,满足系统持续运行要求,,,,1,Other,,5,2,,,Zenodo/ AllHydraulicPTO w Ele.Generat
HYDRAULIC PTO,Piston Accumulator,满足系统持续运行要求,,,,1,External Leakage,Contamination,4,2,,,Zenodo/ AllHydraulicPTO w Ele.Generat
HYDRAULIC PTO,Piston Accumulator,满足系统持续运行要求,,,,1,Cylinder Damage,Wear,3,2,,,Zenodo/ AllHydraulicPTO w Ele.Generat
HYDRAULIC PTO,Piston Accumulator,满足系统持续运行要求,,,,1,Pressure Loss,Corrosion,5,2,,,Zenodo/ AllHydraulicPTO w Ele.Generat
HYDRAULIC PTO,Piston Accumulator,满足系统持续运行要求,,,,1,Gas & Oil Mixture,Piston Jammed,5,2,,,Zenodo/ AllHydraulicPTO w Ele.Generat
HYDRAULIC PTO,Piston Accumulator,满足系统持续运行要求,,,,1,Breakdown,Jammed Valve,4,2,,,Zenodo/ AllHydraulicPTO w Ele.Generat
HYDRAULIC PTO,Bladder Accumlator,满足系统持续运行要求,,,,1,External Leakage,Contamination,4,2,,,Zenodo/ AllHydraulicPTO w Ele.Generat
HYDRAULIC PTO,Bladder Accumlator,满足系统持续运行要求,,,,1,Cylinder Damage,Wear,3,2,,,Zenodo/ AllHydraulicPTO w Ele.Generat
HYDRAULIC PTO,Bladder Accumlator,满足系统持续运行要求,,,,1,Pressure Loss,Corrosion,5,2,,,Zenodo/ AllHydraulicPTO w Ele.Generat
HYDRAULIC PTO,Bladder Accumlator,满足系统持续运行要求,,,,1,Gas & Oil Mixture,Failed Bladder,4,2,,,Zenodo/ AllHydraulicPTO w Ele.Generat
HYDRAULIC PTO,Bladder Accumlator,满足系统持续运行要求,,,,1,Breakdown,Jammed Valve,4,2,,,Zenodo/ AllHydraulicPTO w Ele.Generat
HYDRAULIC PTO,Heat Exchanger (generic),满足系统持续运行要求,,,,3,Abnormal instrument reading,Blockage/plugged,4,2,,,Zenodo/ AllHydraulicPTO w Ele.Generat
HYDRAULIC PTO,Heat Exchanger (generic),满足系统持续运行要求,,,,4,External leakage process medium,Breakage,4,2,,,Zenodo/ AllHydraulicPTO w Ele.Generat
HYDRAULIC PTO,Heat Exchanger (generic),满足系统持续运行要求,,,,3,External leage- utility medium,Control failure,4,2,,,Zenodo/ AllHydraulicPTO w Ele.Generat
HYDRAULIC PTO,Heat Exchanger (generic),满足系统持续运行要求,,,,4,Insufficient heat transfer,Corrosion,4,2,,,Zenodo/ AllHydraulicPTO w Ele.Generat
HYDRAULIC PTO,Heat Exchanger (generic),满足系统持续运行要求,,,,5,Internal leakage,Faulty signal/indication-general,4,2,,,Zenodo/ AllHydraulicPTO w Ele.Generat
HYDRAULIC PTO,Heat Exchanger (generic),满足系统持续运行要求,,,,3,Parameter deviation,Instrument failure-general,4,2,,,Zenodo/ AllHydraulicPTO w Ele.Generat
HYDRAULIC PTO,Heat Exchanger (generic),满足系统持续运行要求,,,,3,Plugged/Chocked,Leakage,4,2,,,Zenodo/ AllHydraulicPTO w Ele.Generat
HYDRAULIC PTO,Heat Exchanger (generic),满足系统持续运行要求,,,,3,Structural deficiency,Losseness,3,2,,,Zenodo/ AllHydraulicPTO w Ele.Generat
HYDRAULIC PTO,Heat Exchanger (generic),满足系统持续运行要求,,,,3,Minor in-service problems,Material failure-general,4,2,,,Zenodo/ AllHydraulicPTO w Ele.Generat
HYDRAULIC PTO,Heat Exchanger (generic),满足系统持续运行要求,,,,5,Other,Mechanical failure-general,4,2,,,Zenodo/ AllHydraulicPTO w Ele.Generat
Electric generator,Generator-motor dirven,满足系统持续运行要求,,,,2,Abnormal instrument reading,Blockage/plugged,4,2,,,Zenodo/ AllHydraulicPTO w Ele.Generat
Electric generator,Generator-motor dirven,满足系统持续运行要求,,,,2,External leakage Utility medium,Combined causes,4,2,,,Zenodo/ AllHydraulicPTO w Ele.Generat
Electric generator,Generator-motor dirven,满足系统持续运行要求,,,,2,Fail to start on demand,Control failure,4,2,,,Zenodo/ AllHydraulicPTO w Ele.Generat
Electric generator,Generator-motor dirven,满足系统持续运行要求,,,,2,Fail to stop on demand,Electrical failure-general,4,2,,,Zenodo/ AllHydraulicPTO w Ele.Generat
Electric generator,Generator-motor dirven,满足系统持续运行要求,,,,3,Fail to synchronize,External influence-general,4,2,,,Zenodo/ AllHydraulicPTO w Ele.Generat
Electric generator,Generator-motor dirven,满足系统持续运行要求,,,,2,Faulty output voltage,Faulty power/voltage,4,2,,,Zenodo/ AllHydraulicPTO w Ele.Generat
Electric generator,Generator-motor dirven,满足系统持续运行要求,,,,2,Low output,Faulty signal/indication/alarm,4,2,,,Zenodo/ AllHydraulicPTO w Ele.Generat
Electric generator,Generator-motor dirven,满足系统持续运行要求,,,,1,Minor in-service problems,Instrument failure-genera,4,2,,,Zenodo/ AllHydraulicPTO w Ele.Generat
Electric generator,Generator-motor dirven,满足系统持续运行要求,,,,1,Other,Leakage,4,2,,,Zenodo/ AllHydraulicPTO w Ele.Generat
Electric generator,Generator-motor dirven,满足系统持续运行要求,,,,1,Overheating,Mechanical failure-general,4,2,,,Zenodo/ AllHydraulicPTO w Ele.Generat
Electric generator,Generator-motor dirven,满足系统持续运行要求,,,,1,Parameter deviation,No cause found,4,2,,,Zenodo/ AllHydraulicPTO w Ele.Generat
Electric generator,Generator-motor dirven,满足系统持续运行要求,,,,1,Structural deficiency,No signal/indicaiton/alarm,4,2,,,Zenodo/ AllHydraulicPTO w Ele.Generat
Electric generator,Generator-motor dirven,满足系统持续运行要求,,,,1,Unknown,Overheating,4,2,,,Zenodo/ AllHydraulicPTO w Ele.Generat
Electric generator,Generator Trubine driven,满足系统持续运行要求,,,,3,Abnormal instrument reading,Blockage/plugged,5,2,,,Zenodo/ AllHydraulicPTO w Ele.Generat
Electric generator,Generator Trubine driven,满足系统持续运行要求,,,,5,Breakage,Breakage,4,2,,,Zenodo/ AllHydraulicPTO w Ele.Generat
Electric generator,Generator Trubine driven,满足系统持续运行要求,,,,4,External leakage utility medium,Caviation,5,2,,,Zenodo/ AllHydraulicPTO w Ele.Generat
Electric generator,Generator Trubine driven,满足系统持续运行要求,,,,1,Fails to start on demand,Clearance/alighnement failure,4,2,,,Zenodo/ AllHydraulicPTO w Ele.Generat
Electric generator,Generator Trubine driven,满足系统持续运行要求,,,,1,Fail to synchronize,Contamination,3,2,,,Zenodo/ AllHydraulicPTO w Ele.Generat
Electric generator,Generator Trubine driven,满足系统持续运行要求,,,,3,Faulty output voltage,Control failure,4,2,,,Zenodo/ AllHydraulicPTO w Ele.Generat
Electric generator,Generator Trubine driven,满足系统持续运行要求,,,,3,Minor in-service problems,Corrosion,5,2,,,Zenodo/ AllHydraulicPTO w Ele.Generat
Electric generator,Generator Trubine driven,满足系统持续运行要求,,,,4,Other,Earth/isolation fault,4,2,,,Zenodo/ AllHydraulicPTO w Ele.Generat
Electric generator,Generator Trubine driven,满足系统持续运行要求,,,,1,Overheating,Electrical failure-general,4,2,,,Zenodo/ AllHydraulicPTO w Ele.Generat
Electric generator,Generator Trubine driven,满足系统持续运行要求,,,,3,Parameter deviation,Faulty power/voltage,4,2,,,Zenodo/ AllHydraulicPTO w Ele.Generat
Electric generator,Generator Trubine driven,满足系统持续运行要求,,,,1,Spurious stop,Faulty signal/indication,4,2,,,Zenodo/ AllHydraulicPTO w Ele.Generat
Electric generator,Generator Trubine driven,满足系统持续运行要求,,,,3,Structural deficiency,Instrument failure-general,4,2,,,Zenodo/ AllHydraulicPTO w Ele.Generat
Electric generator,Generator Trubine driven,满足系统持续运行要求,,,,1,Vibration,Leakage,3,2,,,Zenodo/ AllHydraulicPTO w Ele.Generat
POWER TRANSMISSION & CONTROL,Frequency Converter (HV),满足系统持续运行要求,,,1.0,2,Abnormal instrument reading,Blockage/plugged,4,2,,,Zenodo/All PowerTransmission & Control
POWER TRANSMISSION & CONTROL,Frequency Converter (HV),满足系统持续运行要求,,,3.0,1,Breakdown,Breakage,4,2,,,Zenodo/All PowerTransmission & Control
POWER TRANSMISSION & CONTROL,Frequency Converter (HV),满足系统持续运行要求,,,3.0,1,External leakage- Utility medium,Combined causes,4,2,,,Zenodo/All PowerTransmission & Control
POWER TRANSMISSION & CONTROL,Frequency Converter (HV),满足系统持续运行要求,,,2.0,1,Fail to function as intended,Contamination,4,2,,,Zenodo/All PowerTransmission & Control
POWER TRANSMISSION & CONTROL,Frequency Converter (HV),满足系统持续运行要求,,,3.0,1,Fail to function on demand,Earth/isolation fault,4,2,,,Zenodo/All PowerTransmission & Control
POWER TRANSMISSION & CONTROL,Frequency Converter (HV),满足系统持续运行要求,,,3.0,3,Fail to start on demand,Electrical failure- general,5,2,,,Zenodo/All PowerTransmission & Control
POWER TRANSMISSION & CONTROL,Frequency Converter (HV),满足系统持续运行要求,,,2.0,1,Low output,Faulty signal/indication/alarm,5,2,,,Zenodo/All PowerTransmission & Control
POWER TRANSMISSION & CONTROL,Frequency Converter (HV),满足系统持续运行要求,,,1.0,1,Minor in-service problems,Instrument failure- general,4,2,,,Zenodo/All PowerTransmission & Control
POWER TRANSMISSION & CONTROL,Frequency Converter (HV),满足系统持续运行要求,,,3.0,1,Noise,Leakage,4,2,,,Zenodo/All PowerTransmission & Control
POWER TRANSMISSION & CONTROL,Frequency Converter (HV),满足系统持续运行要求,,,2.0,1,Other,Looseness,4,2,,,Zenodo/All PowerTransmission & Control
POWER TRANSMISSION & CONTROL,Frequency Converter (HV),满足系统持续运行要求,,,3.0,1,Overheating,Mechanical failure- general,4,2,,,Zenodo/All PowerTransmission & Control
POWER TRANSMISSION & CONTROL,Frequency Converter (HV),满足系统持续运行要求,,,2.0,1,parameter deviation,No power/voltage,4,2,,,Zenodo/All PowerTransmission & Control
POWER TRANSMISSION & CONTROL,Frequency Converter (HV),满足系统持续运行要求,,,3.0,1,Spurious stop,Open circuit,5,2,,,Zenodo/All PowerTransmission & Control
POWER TRANSMISSION & CONTROL,Switchgear (low voltage),满足系统持续运行要求,,,2.0,1,Faile to function as intended,Breakage,5,2,,,Zenodo/All PowerTransmission & Control
POWER TRANSMISSION & CONTROL,Switchgear (low voltage),满足系统持续运行要求,,,3.0,1,Fail to function on demand,Earth/isolaton fault,5,2,,,Zenodo/All PowerTransmission & Control
POWER TRANSMISSION & CONTROL,Switchgear (low voltage),满足系统持续运行要求,,,2.0,2,Other,Electrical failure-general,5,2,,,Zenodo/All PowerTransmission & Control
POWER TRANSMISSION & CONTROL,Switchgear (low voltage),满足系统持续运行要求,,,3.0,1,Sputious stop,Faulty signal/indication/alarm,5,2,,,Zenodo/All PowerTransmission & Control
POWER TRANSMISSION & CONTROL,Sensor,满足系统持续运行要求,,,2.0,3,Control/signal failure,Blockage,3,2,,,Zenodo/All PowerTransmission & Control
POWER TRANSMISSION & CONTROL,Sensor,满足系统持续运行要求,,,2.0,3,Erratic output,Control failure,3,2,,,Zenodo/All PowerTransmission & Control
POWER TRANSMISSION & CONTROL,Sensor,满足系统持续运行要求,,,2.0,1,Fail to function on demand,Electricl failure-general,2,2,,,Zenodo/All PowerTransmission & Control
POWER TRANSMISSION & CONTROL,Sensor,满足系统持续运行要求,,,2.0,1,Other,Faulty signal/indication/alamr,2,2,,,Zenodo/All PowerTransmission & Control
POWER TRANSMISSION & CONTROL,Sensor,满足系统持续运行要求,,,,1,Spurious operation,Instrument failure-general,2,2,,,Zenodo/All PowerTransmission & Control
POWER TRANSMISSION & CONTROL,Valve positioning sensor,满足系统持续运行要求,,,3.0,2,Control/signal failure,Blockage,4,2,,,Zenodo/All PowerTransmission & Control
POWER TRANSMISSION & CONTROL,Valve positioning sensor,满足系统持续运行要求,,,2.0,3,Erratic output,Control failure,3,2,,,Zenodo/All PowerTransmission & Control
POWER TRANSMISSION & CONTROL,Valve positioning sensor,满足系统持续运行要求,,,3.0,1,Plugged/chocked,Electrical failure-general,2,2,,,Zenodo/All PowerTransmission & Control
POWER TRANSMISSION & CONTROL,Valve positioning sensor,满足系统持续运行要求,,,2.0,1,Spurious operation,Faulty signal/indication/alarm,2,2,,,Zenodo/All PowerTransmission & Control
POWER TRANSMISSION & CONTROL,Programmable Logic Controller (PLC),满足系统持续运行要求,,,2.0,1,Fail to function on demand,Clearance/alignment failure,4,2,,,Zenodo/All PowerTransmission & Control
POWER TRANSMISSION & CONTROL,Programmable Logic Controller (PLC),满足系统持续运行要求,,,2.0,1,Low output,Control failure,4,2,,,Zenodo/All PowerTransmission & Control
POWER TRANSMISSION & CONTROL,Programmable Logic Controller (PLC),满足系统持续运行要求,,,1.0,1,Minor in-service problems,Earth/isolation fault,4,2,,,Zenodo/All PowerTransmission & Control
POWER TRANSMISSION & CONTROL,Programmable Logic Controller (PLC),满足系统持续运行要求,,,2.0,1,Spurious operation,Fault power/voltage,4,2,,,Zenodo/All PowerTransmission & Control
Reaction & Stationing,Fiber Rope,满足系统持续运行要求,,,3.0,3,Material Failure,Fatigue,4,2,,,Zenodo/AllReaction&Stationing
Reaction & Stationing,Chain,满足系统持续运行要求,,,3.0,3,Material Failure,Fatigue,5,2,,,Zenodo/AllReaction&Stationing
Reaction & Stationing,Joints & Connections,满足系统持续运行要求,,,3.0,3,Material Failure,Fatigue,4,2,,,Zenodo/AllReaction&Stationing
Reaction & Stationing,Floating Support Structure,满足系统持续运行要求,,,3.0,3,Instability,Fatigue,2,2,,,Zenodo/AllReaction&Stationing
Reaction & Stationing,Floating Support Structure,满足系统持续运行要求,,,2.0,3,Change in Bouyancy,Corrosion,2,2,,,Zenodo/AllReaction&Stationing
Reaction & Stationing,Floating Support Structure,满足系统持续运行要求,,,2.0,2,Change in Hydrodynamic Properties,Wear,2,2,,,Zenodo/AllReaction&Stationing
Reaction & Stationing,Floating Support Structure,满足系统持续运行要求,,,3.0,5,Loss of Support,Ultimate Limit State,3,2,,,Zenodo/AllReaction&Stationing
Reaction & Stationing,Fixed Support Structure,满足系统持续运行要求,,,3.0,5,Loss of Support,Fatigue,2,2,,,Zenodo/AllReaction&Stationing
